item_idx,degree,degree_group
0,1630,high
1,275,high
2,134,medium
3,36,medium
4,94,medium
5,642,high
6,207,medium
7,19,medium
8,24,medium
9,480,high
10,689,high
11,27,medium
12,43,medium
13,85,medium
14,29,medium
15,433,high
16,622,high
17,67,medium
18,71,medium
19,19,medium
20,773,high
21,173,medium
22,33,medium
23,247,high
24,597,high
25,55,medium
26,16,medium
27,133,medium
28,299,high
29,38,medium
30,44,medium
31,1065,high
32,1,low
33,1211,high
34,28,medium
35,658,high
36,5,low
37,9,low
38,809,high
39,24,medium
40,188,medium
41,56,medium
42,82,medium
43,76,medium
44,271,high
45,54,medium
46,881,high
47,121,medium
48,16,medium
49,1587,high
50,256,high
51,8,low
52,8,low
53,19,medium
54,2,low
55,46,medium
56,378,high
57,2,low
58,139,medium
59,19,medium
60,343,high
61,33,medium
62,5,low
63,18,medium
64,5,low
65,2,low
66,31,medium
67,186,medium
68,377,high
69,11,medium
70,57,medium
71,147,medium
72,40,medium
73,1,low
74,44,medium
75,21,medium
76,23,medium
77,21,medium
78,35,medium
79,70,medium
80,57,medium
81,19,medium
82,6,low
83,98,medium
84,91,medium
85,6,low
86,55,medium
87,73,medium
88,4,low
89,9,low
90,9,low
91,106,medium
92,180,medium
93,10,medium
94,32,medium
95,27,medium
96,38,medium
97,170,medium
98,4,low
99,13,medium
100,388,high
101,159,medium
102,8,low
103,104,medium
104,3,low
105,1951,high
106,993,high
107,287,high
108,12,medium
109,3,low
110,33,medium
111,45,medium
112,23,medium
113,2,low
114,30,medium
115,42,medium
116,81,medium
117,5,low
118,214,medium
119,13,medium
120,10,medium
121,7,low
122,1,low
123,4,low
124,13,medium
125,1,low
126,37,medium
127,5,low
128,3,low
129,1,low
130,1,low
131,54,medium
132,371,high
133,202,medium
134,163,medium
135,5,low
136,99,medium
137,6,low
138,30,medium
139,974,high
140,319,high
141,22,medium
142,156,medium
143,105,medium
144,44,medium
145,32,medium
146,52,medium
147,78,medium
148,48,medium
149,58,medium
150,478,high
151,364,high
152,272,high
153,209,medium
154,457,high
155,15,medium
156,1,low
157,120,medium
158,8,low
159,117,medium
160,55,medium
161,88,medium
162,73,medium
163,14,medium
164,119,medium
165,149,medium
166,39,medium
167,10,medium
168,2,low
169,251,high
170,6,low
171,18,medium
172,15,medium
173,10,medium
174,151,medium
175,44,medium
176,42,medium
177,79,medium
178,7,low
179,64,medium
180,12,medium
181,1,low
182,22,medium
183,137,medium
184,34,medium
185,140,medium
186,5,low
187,267,high
188,81,medium
189,2,low
190,8,low
191,7,low
192,75,medium
193,63,medium
194,49,medium
195,52,medium
196,91,medium
197,148,medium
198,9,low
199,12,medium
200,20,medium
201,1,low
202,95,medium
203,23,medium
204,106,medium
205,139,medium
206,12,medium
207,66,medium
208,9,low
209,1,low
210,177,medium
211,995,high
212,173,medium
213,96,medium
214,25,medium
216,56,medium
217,178,medium
218,287,high
219,270,high
220,135,medium
221,22,medium
222,582,high
223,128,medium
224,72,medium
225,9,low
226,50,medium
227,8,low
228,11,medium
229,47,medium
230,3,low
231,581,high
232,326,high
233,38,medium
234,165,medium
235,5,low
236,8,low
237,142,medium
238,391,high
239,11,medium
240,7,low
241,47,medium
242,50,medium
243,31,medium
244,28,medium
245,2587,high
246,166,medium
247,118,medium
248,23,medium
249,3,low
250,541,high
251,341,high
252,38,medium
253,26,medium
254,30,medium
255,28,medium
256,25,medium
257,240,high
258,72,medium
259,2,low
260,14,medium
261,45,medium
262,63,medium
263,7,low
264,30,medium
265,125,medium
266,129,medium
267,90,medium
268,7,low
269,4,low
270,299,high
271,67,medium
272,118,medium
273,5,low
274,295,high
275,721,high
276,16,medium
277,5,low
278,1738,high
279,13,medium
280,19,medium
281,90,medium
282,463,high
283,19,medium
284,57,medium
285,125,medium
286,13,medium
287,20,medium
288,269,high
289,189,medium
290,146,medium
291,32,medium
292,2,low
293,19,medium
294,15,medium
295,199,medium
296,42,medium
297,579,high
298,263,high
299,2017,high
300,194,medium
301,15,medium
302,39,medium
303,123,medium
304,24,medium
305,8,low
306,49,medium
307,91,medium
308,56,medium
309,454,high
310,34,medium
311,5,low
312,27,medium
313,219,medium
314,77,medium
315,22,medium
316,6,low
317,466,high
318,54,medium
319,337,high
320,34,medium
321,19,medium
322,319,high
323,7,low
324,312,high
325,312,high
326,66,medium
327,20,medium
328,284,high
329,680,high
330,230,medium
331,119,medium
332,42,medium
333,367,high
334,25,medium
335,31,medium
336,1643,high
337,781,high
338,53,medium
339,5,low
340,23,medium
341,123,medium
342,106,medium
343,55,medium
344,751,high
345,29,medium
346,81,medium
347,497,high
348,413,high
349,23,medium
350,109,medium
351,77,medium
352,155,medium
353,176,medium
354,20,medium
355,7,low
356,133,medium
357,921,high
358,37,medium
359,117,medium
360,805,high
361,86,medium
362,85,medium
363,113,medium
364,11,medium
365,4,low
366,9,low
367,23,medium
368,59,medium
369,13,medium
370,31,medium
371,15,medium
372,8,low
373,6,low
374,9,low
375,1,low
376,2,low
377,1,low
378,1,low
379,2,low
380,22,medium
381,6,low
382,65,medium
383,30,medium
384,15,medium
385,134,medium
386,3,low
387,155,medium
388,42,medium
389,21,medium
390,22,medium
391,10,medium
392,107,medium
393,6,low
394,15,medium
395,59,medium
396,42,medium
397,20,medium
398,76,medium
399,14,medium
400,59,medium
401,89,medium
402,27,medium
403,192,medium
404,33,medium
405,3,low
406,228,medium
407,59,medium
408,7,low
409,242,high
410,109,medium
411,31,medium
412,4,low
413,29,medium
414,2,low
415,632,high
416,381,high
417,203,medium
418,14,medium
419,11,medium
420,20,medium
421,197,medium
422,3,low
423,128,medium
424,45,medium
425,92,medium
426,38,medium
427,18,medium
428,22,medium
429,453,high
430,51,medium
431,67,medium
432,1592,high
433,35,medium
434,36,medium
435,4,low
436,38,medium
437,5,low
438,10,medium
439,48,medium
440,48,medium
441,144,medium
442,23,medium
443,143,medium
444,21,medium
445,1,low
446,350,high
447,10,medium
448,14,medium
449,672,high
450,227,medium
451,8,low
452,103,medium
453,2,low
454,29,medium
455,1698,high
456,137,medium
457,89,medium
458,46,medium
459,7,low
460,84,medium
461,17,medium
462,14,medium
463,18,medium
464,11,medium
465,86,medium
466,92,medium
467,211,medium
468,174,medium
469,194,medium
470,21,medium
471,15,medium
472,487,high
473,12,medium
474,8,low
475,400,high
476,50,medium
477,10,medium
478,8,low
479,54,medium
480,10,medium
481,62,medium
482,166,medium
483,390,high
484,383,high
485,5,low
486,54,medium
487,49,medium
488,26,medium
489,191,medium
490,319,high
491,62,medium
492,138,medium
493,26,medium
494,11,medium
495,121,medium
496,59,medium
497,47,medium
498,70,medium
499,264,high
500,9,low
501,2,low
502,2041,high
503,11,medium
504,520,high
505,1,low
506,213,medium
507,154,medium
508,46,medium
509,192,medium
510,201,medium
511,24,medium
512,65,medium
513,200,medium
514,613,high
515,14,medium
516,1455,high
517,51,medium
518,326,high
519,23,medium
520,24,medium
521,38,medium
522,21,medium
523,100,medium
524,58,medium
525,612,high
526,217,medium
527,364,high
528,5,low
529,458,high
530,114,medium
531,2,low
532,33,medium
533,2,low
534,5,low
535,8,low
536,319,high
537,7,low
538,6,low
539,24,medium
540,3,low
541,7,low
542,27,medium
543,30,medium
544,10,medium
545,19,medium
546,1,low
547,10,medium
548,92,medium
549,29,medium
550,20,medium
551,2,low
552,26,medium
553,107,medium
554,16,medium
555,1,low
556,128,medium
557,254,high
558,588,high
559,891,high
560,2020,high
561,993,high
562,811,high
563,2219,high
564,502,high
565,719,high
566,314,high
567,621,high
568,6,low
569,208,medium
570,13,medium
571,29,medium
572,17,medium
573,93,medium
574,11,medium
575,2038,high
576,17,medium
577,315,high
578,46,medium
579,10,medium
580,50,medium
581,1,low
582,53,medium
583,131,medium
584,8,low
585,1,low
586,7,low
587,24,medium
588,1,low
589,1,low
590,4,low
591,66,medium
592,341,high
593,3,low
594,11,medium
595,10,medium
596,11,medium
597,39,medium
598,31,medium
599,9,low
600,20,medium
601,12,medium
602,10,medium
603,233,medium
604,746,high
605,12,medium
606,46,medium
607,2,low
608,243,high
609,9,low
610,15,medium
611,266,high
612,42,medium
613,133,medium
614,2,low
615,22,medium
616,1,low
617,6,low
618,37,medium
619,19,medium
620,48,medium
621,290,high
622,97,medium
623,135,medium
624,251,high
625,1,low
626,29,medium
627,11,medium
628,3,low
629,13,medium
630,1,low
631,21,medium
632,43,medium
633,13,medium
634,26,medium
635,52,medium
636,1,low
637,15,medium
638,63,medium
639,1,low
640,15,medium
641,8,low
642,27,medium
643,1,low
644,90,medium
645,334,high
646,52,medium
647,6,low
648,8,low
649,1,low
650,102,medium
651,31,medium
652,6,low
653,1,low
654,19,medium
655,65,medium
656,389,high
657,18,medium
658,138,medium
659,20,medium
660,1,low
661,137,medium
662,2,low
663,10,medium
664,1,low
665,816,high
666,1,low
667,51,medium
668,443,high
669,32,medium
670,238,medium
671,33,medium
672,22,medium
673,601,high
674,22,medium
675,8,low
676,143,medium
677,1,low
678,1197,high
679,8,low
680,13,medium
681,5,low
682,7,low
683,1,low
684,3,low
685,1,low
686,46,medium
687,15,medium
688,29,medium
689,32,medium
690,28,medium
691,37,medium
692,55,medium
693,8,low
694,5,low
695,11,medium
696,1,low
697,2,low
698,2,low
699,558,high
700,12,medium
701,927,high
702,52,medium
703,25,medium
704,158,medium
705,91,medium
706,418,high
707,167,medium
708,3,low
709,309,high
710,1,low
711,1,low
712,1,low
713,2,low
714,2,low
715,43,medium
716,159,medium
717,482,high
718,42,medium
719,227,medium
720,33,medium
721,63,medium
722,196,medium
723,20,medium
724,6,low
725,19,medium
726,17,medium
727,1,low
728,5,low
729,6,low
730,1,low
731,43,medium
732,3,low
733,2,low
734,20,medium
735,17,medium
736,18,medium
737,97,medium
738,15,medium
739,299,high
740,8,low
741,36,medium
742,45,medium
743,111,medium
744,359,high
745,17,medium
746,9,low
747,12,medium
748,32,medium
749,4,low
750,25,medium
751,81,medium
752,99,medium
753,16,medium
754,62,medium
755,246,high
756,2,low
757,5,low
758,1967,high
759,6,low
760,152,medium
761,18,medium
762,5,low
763,7,low
764,390,high
765,4,low
766,15,medium
767,8,low
768,3,low
769,24,medium
770,6,low
771,10,medium
772,1,low
773,64,medium
774,38,medium
775,18,medium
776,15,medium
777,10,medium
778,27,medium
779,1,low
780,9,low
781,34,medium
782,101,medium
783,44,medium
784,27,medium
785,61,medium
786,495,high
787,609,high
788,225,medium
789,101,medium
790,468,high
791,753,high
792,947,high
793,312,high
794,144,medium
795,76,medium
796,1156,high
797,332,high
798,693,high
799,248,high
800,1413,high
801,908,high
802,495,high
803,265,high
804,342,high
805,49,medium
806,121,medium
807,1368,high
808,803,high
809,213,medium
810,411,high
811,933,high
812,1249,high
813,5,low
814,334,high
815,63,medium
816,308,high
817,60,medium
818,384,high
819,141,medium
820,129,medium
821,337,high
822,173,medium
823,42,medium
824,104,medium
825,28,medium
826,111,medium
827,4,low
828,283,high
829,64,medium
830,229,medium
831,125,medium
832,66,medium
833,206,medium
834,109,medium
835,150,medium
836,84,medium
837,154,medium
838,244,high
839,322,high
840,152,medium
841,590,high
842,316,high
843,318,high
844,20,medium
845,17,medium
846,6,low
847,37,medium
848,10,medium
849,15,medium
850,7,low
851,29,medium
852,21,medium
853,195,medium
854,5,low
855,8,low
856,417,high
857,878,high
858,18,medium
859,199,medium
860,2,low
861,58,medium
862,11,medium
863,33,medium
864,70,medium
865,2,low
866,1,low
867,52,medium
868,8,low
869,3,low
870,138,medium
871,9,low
872,29,medium
874,9,low
875,88,medium
876,3,low
877,2,low
878,353,high
879,66,medium
880,13,medium
881,29,medium
882,122,medium
883,8,low
884,6,low
885,31,medium
886,25,medium
887,23,medium
888,22,medium
889,64,medium
890,39,medium
891,109,medium
892,100,medium
893,23,medium
894,189,medium
895,136,medium
896,63,medium
897,113,medium
898,57,medium
899,154,medium
900,52,medium
901,342,high
902,154,medium
903,63,medium
904,364,high
905,165,medium
906,47,medium
907,159,medium
908,5,low
909,133,medium
910,676,high
911,336,high
912,106,medium
913,162,medium
914,314,high
915,136,medium
916,99,medium
917,592,high
918,1312,high
919,133,medium
920,4,low
921,2,low
922,2,low
923,353,high
924,265,high
925,31,medium
926,15,medium
927,69,medium
928,231,medium
929,206,medium
930,103,medium
931,51,medium
932,11,medium
933,44,medium
934,4,low
935,28,medium
936,152,medium
937,5,low
938,236,medium
939,555,high
940,212,medium
941,11,medium
942,52,medium
943,142,medium
944,14,medium
945,22,medium
946,80,medium
947,2,low
948,860,high
949,16,medium
950,557,high
951,256,high
952,973,high
953,681,high
954,239,medium
955,95,medium
956,86,medium
957,528,high
958,84,medium
959,293,high
960,11,medium
961,300,high
962,979,high
963,886,high
964,97,medium
965,404,high
966,321,high
967,775,high
968,388,high
969,245,high
970,1610,high
971,146,medium
972,108,medium
973,600,high
974,1,low
975,282,high
976,383,high
977,5,low
978,73,medium
979,16,medium
980,18,medium
981,8,low
982,8,low
983,10,medium
984,14,medium
985,264,high
986,4,low
987,20,medium
988,241,high
989,263,high
990,53,medium
991,1005,high
992,51,medium
993,443,high
994,92,medium
995,181,medium
996,179,medium
997,147,medium
998,1349,high
999,5,low
1000,2,low
1001,10,medium
1002,235,medium
1003,806,high
1004,3,low
1005,116,medium
1006,17,medium
1007,12,medium
1008,6,low
1009,9,low
1010,1,low
1011,72,medium
1012,66,medium
1013,7,low
1014,3,low
1015,27,medium
1016,2,low
1017,24,medium
1018,261,high
1019,517,high
1020,97,medium
1021,4,low
1022,265,high
1023,90,medium
1024,110,medium
1025,201,medium
1026,582,high
1027,34,medium
1028,2,low
1029,563,high
1030,61,medium
1031,334,high
1032,314,high
1033,90,medium
1034,482,high
1035,218,medium
1036,68,medium
1037,67,medium
1038,78,medium
1039,1510,high
1040,104,medium
1041,2490,high
1042,1899,high
1043,2243,high
1044,687,high
1045,1402,high
1046,648,high
1047,40,medium
1048,514,high
1049,706,high
1050,116,medium
1051,918,high
1052,815,high
1053,939,high
1054,126,medium
1055,2106,high
1056,181,medium
1057,418,high
1058,1351,high
1059,1603,high
1060,618,high
1061,48,medium
1062,294,high
1063,191,medium
1064,1009,high
1065,927,high
1066,1422,high
1067,970,high
1068,407,high
1069,360,high
1070,1144,high
1071,167,medium
1072,162,medium
1073,538,high
1074,1045,high
1075,582,high
1076,33,medium
1077,842,high
1078,891,high
1079,541,high
1080,72,medium
1081,237,medium
1082,253,high
1083,1649,high
1084,39,medium
1085,896,high
1086,225,medium
1087,539,high
1088,255,high
1089,620,high
1090,1028,high
1091,406,high
1092,547,high
1093,820,high
1094,172,medium
1095,998,high
1096,434,high
1097,381,high
1098,28,medium
1099,480,high
1100,328,high
1101,823,high
1102,1391,high
1103,261,high
1104,367,high
1105,607,high
1106,543,high
1107,193,medium
1108,1639,high
1109,754,high
1110,647,high
1111,160,medium
1112,535,high
1113,1895,high
1114,390,high
1115,537,high
1116,106,medium
1117,309,high
1118,502,high
1119,769,high
1120,243,high
1121,970,high
1122,119,medium
1123,223,medium
1124,155,medium
1125,638,high
1126,319,high
1127,460,high
1128,520,high
1129,164,medium
1130,541,high
1131,890,high
1132,129,medium
1133,130,medium
1134,1281,high
1135,436,high
1136,528,high
1137,857,high
1138,146,medium
1139,407,high
1140,271,high
1141,230,medium
1142,608,high
1143,261,high
1144,271,high
1145,545,high
1146,238,medium
1147,1150,high
1148,77,medium
1149,73,medium
1150,1187,high
1151,21,medium
1152,14,medium
1153,2,low
1154,1,low
1155,13,medium
1156,306,high
1157,363,high
1158,1,low
1159,1,low
1160,6,low
1161,106,medium
1162,3,low
1163,9,low
1164,41,medium
1165,18,medium
1166,29,medium
1167,495,high
1168,125,medium
1169,1,low
1170,7,low
1171,37,medium
1172,315,high
1173,150,medium
1174,15,medium
1175,73,medium
1176,419,high
1177,262,high
1178,325,high
1179,58,medium
1180,246,high
1181,173,medium
1182,7,low
1183,248,high
1184,13,medium
1185,19,medium
1186,68,medium
1187,179,medium
1188,29,medium
1189,821,high
1190,365,high
1191,968,high
1192,35,medium
1193,1,low
1194,126,medium
1195,73,medium
1196,27,medium
1197,1,low
1198,40,medium
1199,44,medium
1200,124,medium
1201,4,low
1202,610,high
1203,293,high
1204,501,high
1205,149,medium
1206,992,high
1207,394,high
1208,682,high
1209,295,high
1210,280,high
1211,106,medium
1212,451,high
1213,23,medium
1214,29,medium
1215,4,low
1216,208,medium
1217,1249,high
1218,54,medium
1219,11,medium
1220,44,medium
1221,362,high
1222,151,medium
1223,871,high
1224,1053,high
1225,127,medium
1226,678,high
1227,38,medium
1228,23,medium
1229,33,medium
1230,80,medium
1231,29,medium
1232,181,medium
1233,14,medium
1234,513,high
1235,632,high
1236,128,medium
1237,22,medium
1238,274,high
1239,15,medium
1240,20,medium
1241,100,medium
1242,21,medium
1243,135,medium
1244,11,medium
1245,94,medium
1246,5,low
1247,8,low
1248,80,medium
1249,10,medium
1250,70,medium
1251,4,low
1252,7,low
1253,20,medium
1254,136,medium
1255,36,medium
1256,23,medium
1257,1,low
1258,2,low
1259,2,low
1260,7,low
1261,76,medium
1262,7,low
1263,13,medium
1264,235,medium
1265,23,medium
1266,4,low
1267,18,medium
1268,149,medium
1269,22,medium
1270,359,high
1271,10,medium
1272,24,medium
1273,34,medium
1274,3,low
1275,13,medium
1276,84,medium
1277,8,low
1278,176,medium
1279,24,medium
1280,44,medium
1281,12,medium
1282,78,medium
1283,65,medium
1284,472,high
1285,39,medium
1286,1,low
1287,3,low
1288,19,medium
1289,13,medium
1290,25,medium
1291,31,medium
1292,262,high
1293,13,medium
1294,226,medium
1295,109,medium
1296,29,medium
1297,40,medium
1298,78,medium
1299,337,high
1300,2,low
1301,57,medium
1302,68,medium
1303,8,low
1304,1,low
1305,10,medium
1306,2,low
1307,1,low
1308,9,low
1309,7,low
1310,48,medium
1311,42,medium
1312,759,high
1313,3,low
1314,6,low
1315,15,medium
1316,8,low
1317,22,medium
1318,16,medium
1319,13,medium
1320,14,medium
1321,246,high
1322,1,low
1323,29,medium
1324,32,medium
1325,757,high
1326,174,medium
1327,2,low
1328,2,low
1329,1,low
1330,14,medium
1331,6,low
1332,13,medium
1333,822,high
1334,14,medium
1335,5,low
1336,19,medium
1337,4,low
1338,58,medium
1339,285,high
1340,3,low
1341,74,medium
1342,135,medium
1343,4,low
1344,410,high
1345,52,medium
1346,31,medium
1347,17,medium
1348,5,low
1349,14,medium
1350,9,low
1351,405,high
1352,1,low
1353,78,medium
1354,1,low
1355,16,medium
1356,1,low
1357,84,medium
1358,21,medium
1359,24,medium
1360,5,low
1361,205,medium
1362,3,low
1363,398,high
1364,11,medium
1365,34,medium
1366,12,medium
1367,723,high
1368,4,low
1369,8,low
1370,1610,high
1371,16,medium
1372,23,medium
1373,6,low
1374,870,high
1375,13,medium
1376,201,medium
1377,275,high
1378,114,medium
1379,225,medium
1380,93,medium
1381,100,medium
1382,22,medium
1383,31,medium
1384,200,medium
1385,3,low
1386,19,medium
1387,388,high
1388,16,medium
1389,6,low
1390,23,medium
1391,16,medium
1392,4,low
1393,90,medium
1394,16,medium
1395,17,medium
1396,18,medium
1397,618,high
1398,10,medium
1399,1276,high
1400,113,medium
1401,26,medium
1402,9,low
1403,187,medium
1404,127,medium
1405,132,medium
1406,1840,high
1407,176,medium
1408,178,medium
1409,36,medium
1410,12,medium
1411,16,medium
1412,625,high
1413,17,medium
1414,97,medium
1415,31,medium
1416,28,medium
1417,3,low
1418,157,medium
1419,338,high
1420,1,low
1421,643,high
1422,17,medium
1423,828,high
1424,25,medium
1425,187,medium
1426,102,medium
1427,406,high
1428,22,medium
1429,20,medium
1430,108,medium
1431,126,medium
1432,24,medium
1433,6,low
1434,1,low
1435,658,high
1436,45,medium
1437,13,medium
1438,6,low
1439,10,medium
1440,50,medium
1441,3,low
1442,95,medium
1443,31,medium
1444,5,low
1445,500,high
1446,4,low
1447,48,medium
1448,6,low
1449,27,medium
1450,7,low
1451,19,medium
1452,46,medium
1453,9,low
1454,178,medium
1455,721,high
1456,789,high
1457,2,low
1458,476,high
1459,10,medium
1460,308,high
1461,1,low
1462,311,high
1463,11,medium
1464,675,high
1465,142,medium
1466,35,medium
1467,4,low
1468,39,medium
1469,109,medium
1470,160,medium
1471,91,medium
1472,251,high
1473,5,low
1474,218,medium
1475,293,high
1476,20,medium
1477,17,medium
1478,86,medium
1479,140,medium
1480,57,medium
1481,19,medium
1482,1234,high
1483,19,medium
1484,271,high
1485,81,medium
1486,6,low
1487,155,medium
1488,1,low
1489,274,high
1490,875,high
1491,426,high
1492,15,medium
1493,45,medium
1494,89,medium
1495,9,low
1496,450,high
1497,116,medium
1498,6,low
1499,669,high
1500,24,medium
1501,140,medium
1502,98,medium
1503,3,low
1504,3,low
1505,7,low
1506,19,medium
1507,15,medium
1508,466,high
1509,561,high
1510,5,low
1511,10,medium
1512,37,medium
1513,84,medium
1514,177,medium
1515,18,medium
1516,12,medium
1517,56,medium
1518,41,medium
1519,12,medium
1520,55,medium
1521,8,low
1522,116,medium
1523,10,medium
1524,11,medium
1525,40,medium
1526,1,low
1527,484,high
1528,112,medium
1529,4,low
1530,1,low
1531,74,medium
1532,1026,high
1533,84,medium
1535,64,medium
1536,16,medium
1537,165,medium
1538,4,low
1539,80,medium
1540,2,low
1541,2,low
1542,127,medium
1543,10,medium
1544,103,medium
1545,140,medium
1546,35,medium
1547,315,high
1548,56,medium
1549,7,low
1550,25,medium
1551,191,medium
1552,10,medium
1553,19,medium
1554,10,medium
1555,35,medium
1556,3,low
1557,80,medium
1558,2,low
1559,45,medium
1560,6,low
1561,1,low
1562,74,medium
1563,11,medium
1564,1,low
1565,139,medium
1566,1,low
1567,79,medium
1568,356,high
1569,164,medium
1570,68,medium
1571,16,medium
1572,5,low
1573,75,medium
1574,25,medium
1575,2,low
1576,20,medium
1577,188,medium
1578,8,low
1579,62,medium
1580,1,low
1581,4,low
1582,2,low
1583,1,low
1584,10,medium
1585,21,medium
1586,27,medium
1587,7,low
1588,78,medium
1589,18,medium
1590,31,medium
1591,1,low
1592,17,medium
1593,19,medium
1594,3,low
1595,31,medium
1596,78,medium
1597,6,low
1598,6,low
1599,40,medium
1600,3,low
1601,4,low
1602,162,medium
1603,12,medium
1604,74,medium
1605,355,high
1606,1,low
1607,1,low
1608,14,medium
1609,12,medium
1610,16,medium
1611,79,medium
1612,345,high
1613,152,medium
1614,385,high
1615,1,low
1616,13,medium
1617,123,medium
1618,36,medium
1619,1,low
1620,1,low
1621,176,medium
1622,14,medium
1623,126,medium
1624,124,medium
1625,13,medium
1626,73,medium
1627,9,low
1628,5,low
1629,46,medium
1630,3,low
1631,12,medium
1632,2,low
1633,59,medium
1634,11,medium
1635,314,high
1636,500,high
1637,27,medium
1638,156,medium
1639,579,high
1640,114,medium
1641,246,high
1642,1,low
1643,203,medium
1644,482,high
1645,267,high
1646,46,medium
1647,94,medium
1648,400,high
1649,25,medium
1650,961,high
1651,79,medium
1652,31,medium
1653,13,medium
1654,212,medium
1655,13,medium
1656,54,medium
1657,3,low
1658,175,medium
1659,18,medium
1660,10,medium
1661,62,medium
1662,85,medium
1663,58,medium
1664,42,medium
1665,86,medium
1666,176,medium
1667,68,medium
1668,72,medium
1669,92,medium
1670,27,medium
1671,277,high
1672,424,high
1673,155,medium
1674,564,high
1675,131,medium
1676,180,medium
1677,280,high
1678,129,medium
1679,503,high
1680,672,high
1681,788,high
1682,290,high
1683,363,high
1684,411,high
1685,289,high
1686,365,high
1687,463,high
1688,1015,high
1689,440,high
1690,191,medium
1691,204,medium
1692,448,high
1693,113,medium
1694,311,high
1695,1059,high
1696,46,medium
1697,71,medium
1698,28,medium
1699,17,medium
1700,25,medium
1701,105,medium
1702,29,medium
1703,19,medium
1704,26,medium
1705,15,medium
1706,16,medium
1707,15,medium
1708,10,medium
1709,317,high
1710,48,medium
1711,15,medium
1712,30,medium
1713,15,medium
1714,10,medium
1715,5,low
1716,2,low
1717,59,medium
1718,15,medium
1719,8,low
1720,476,high
1721,24,medium
1722,9,low
1723,625,high
1724,7,low
1725,33,medium
1726,1143,high
1727,562,high
1728,323,high
1729,313,high
1730,75,medium
1731,378,high
1732,541,high
1733,9,low
1734,3,low
1735,215,medium
1736,288,high
1737,524,high
1738,446,high
1739,305,high
1740,66,medium
1741,186,medium
1742,21,medium
1743,41,medium
1744,356,high
1745,559,high
1746,563,high
1747,375,high
1748,144,medium
1749,352,high
1750,64,medium
1751,91,medium
1752,31,medium
1753,21,medium
1754,2229,high
1755,49,medium
1756,11,medium
1757,10,medium
1758,76,medium
1759,68,medium
1760,19,medium
1761,11,medium
1762,29,medium
1763,50,medium
1764,39,medium
1765,30,medium
1766,40,medium
1767,63,medium
1768,6,low
1769,26,medium
1770,266,high
1771,7,low
1772,66,medium
1773,17,medium
1774,23,medium
1775,18,medium
1776,60,medium
1777,42,medium
1778,264,high
1779,7,low
1780,10,medium
1781,42,medium
1782,456,high
1783,122,medium
1784,60,medium
1785,3,low
1786,27,medium
1787,2,low
1788,616,high
1789,265,high
1790,81,medium
1791,411,high
1792,86,medium
1793,85,medium
1794,175,medium
1795,117,medium
1796,88,medium
1797,39,medium
1798,11,medium
1799,48,medium
1800,422,high
1801,82,medium
1802,439,high
1803,8,low
1804,576,high
1805,646,high
1806,99,medium
1807,147,medium
1808,34,medium
1809,324,high
1810,16,medium
1811,364,high
1812,87,medium
1813,91,medium
1814,129,medium
1815,60,medium
1816,18,medium
1817,79,medium
1818,256,high
1819,32,medium
1820,308,high
1821,107,medium
1822,28,medium
1823,135,medium
1824,541,high
1825,9,low
1826,90,medium
1827,15,medium
1828,21,medium
1829,428,high
1830,79,medium
1831,49,medium
1832,505,high
1833,365,high
1834,148,medium
1835,126,medium
1836,182,medium
1837,10,medium
1838,153,medium
1839,658,high
1840,203,medium
1841,175,medium
1842,218,medium
1843,19,medium
1844,69,medium
1845,56,medium
1846,48,medium
1847,58,medium
1848,262,high
1849,257,high
1850,110,medium
1851,2,low
1852,12,medium
1853,6,low
1854,202,medium
1855,17,medium
1856,224,medium
1857,220,medium
1858,241,high
1859,87,medium
1860,76,medium
1861,331,high
1862,198,medium
1863,243,high
1864,405,high
1865,194,medium
1866,49,medium
1867,151,medium
1868,431,high
1869,309,high
1870,115,medium
1871,37,medium
1872,47,medium
1873,12,medium
1874,438,high
1875,51,medium
1876,10,medium
1877,23,medium
1878,32,medium
1879,122,medium
1880,6,low
1881,9,low
1882,6,low
1883,120,medium
1884,480,high
1885,395,high
1886,29,medium
1887,52,medium
1888,2,low
1889,49,medium
1890,75,medium
1891,425,high
1892,25,medium
1893,31,medium
1894,29,medium
1895,127,medium
1896,1,low
1897,58,medium
1898,835,high
1899,12,medium
1900,126,medium
1901,34,medium
1902,61,medium
1903,12,medium
1904,26,medium
1905,64,medium
1906,56,medium
1907,131,medium
1908,80,medium
1909,10,medium
1910,411,high
1911,14,medium
1912,57,medium
1913,12,medium
1914,12,medium
1915,2,low
1916,2,low
1917,405,high
1918,842,high
1919,46,medium
1920,1,low
1921,9,low
1922,1,low
1923,8,low
1924,151,medium
1925,193,medium
1926,62,medium
1927,18,medium
1928,125,medium
1929,2,low
1930,155,medium
1931,4,low
1932,34,medium
1933,11,medium
1934,87,medium
1935,7,low
1936,5,low
1937,5,low
1938,1,low
1939,12,medium
1940,198,medium
1941,122,medium
1942,121,medium
1943,22,medium
1944,53,medium
1945,65,medium
1946,125,medium
1947,26,medium
1948,1,low
1949,488,high
1950,1,low
1951,254,high
1952,2,low
1953,131,medium
1954,669,high
1955,92,medium
1956,23,medium
1957,1,low
1958,53,medium
1959,104,medium
1960,15,medium
1961,5,low
1962,6,low
1963,1,low
1964,39,medium
1965,15,medium
1966,70,medium
1967,116,medium
1968,67,medium
1969,11,medium
1970,10,medium
1971,45,medium
1972,20,medium
1973,751,high
1974,40,medium
1975,31,medium
1976,60,medium
1977,341,high
1978,36,medium
1979,44,medium
1980,424,high
1981,52,medium
1982,62,medium
1983,6,low
1984,171,medium
1985,14,medium
1986,26,medium
1987,40,medium
1988,8,low
1989,135,medium
1990,468,high
1991,710,high
1992,45,medium
1993,836,high
1994,3,low
1995,9,low
1996,325,high
1997,50,medium
1998,26,medium
1999,131,medium
2000,3,low
2001,511,high
2002,205,medium
2003,714,high
2004,215,medium
2005,5,low
2006,15,medium
2007,21,medium
2008,7,low
2009,2,low
2010,91,medium
2011,224,medium
2012,221,medium
2013,337,high
2014,45,medium
2015,28,medium
2016,77,medium
2017,2,low
2018,226,medium
2019,68,medium
2020,714,high
2021,87,medium
2022,23,medium
2023,965,high
2024,53,medium
2025,3,low
2026,23,medium
2027,52,medium
2028,515,high
2029,69,medium
2030,74,medium
2031,4,low
2032,386,high
2033,135,medium
2034,139,medium
2035,708,high
2036,53,medium
2037,42,medium
2038,7,low
2039,149,medium
2040,19,medium
2041,5,low
2042,95,medium
2043,18,medium
2044,126,medium
2045,63,medium
2046,167,medium
2047,101,medium
2048,4,low
2049,86,medium
2050,559,high
2051,610,high
2052,43,medium
2053,1166,high
2054,25,medium
2055,187,medium
2056,3,low
2057,486,high
2058,98,medium
2059,73,medium
2060,19,medium
2061,145,medium
2062,29,medium
2063,38,medium
2064,428,high
2065,66,medium
2066,1,low
2067,244,high
2068,77,medium
2069,330,high
2070,80,medium
2071,31,medium
2072,62,medium
2073,114,medium
2074,126,medium
2075,56,medium
2076,137,medium
2077,31,medium
2078,14,medium
2079,12,medium
2080,10,medium
2081,6,low
2082,244,high
2083,23,medium
2084,7,low
2085,67,medium
2086,7,low
2087,60,medium
2088,201,medium
2089,491,high
2090,23,medium
2091,371,high
2092,312,high
2093,802,high
2094,1832,high
2095,11,medium
2096,265,high
2097,49,medium
2098,9,low
2099,199,medium
2100,102,medium
2101,218,medium
2102,41,medium
2103,245,high
2104,805,high
2105,534,high
2106,29,medium
2107,155,medium
2108,105,medium
2109,81,medium
2110,31,medium
2111,182,medium
2112,170,medium
2113,4,low
2114,132,medium
2115,22,medium
2116,39,medium
2117,27,medium
2118,235,medium
2119,86,medium
2120,20,medium
2121,288,high
2122,380,high
2123,37,medium
2124,11,medium
2125,385,high
2126,120,medium
2127,44,medium
2128,54,medium
2129,186,medium
2130,56,medium
2131,273,high
2132,34,medium
2133,36,medium
2134,69,medium
2135,51,medium
2136,1,low
2137,112,medium
2138,24,medium
2139,9,low
2140,111,medium
2141,69,medium
2142,3,low
2143,15,medium
2144,12,medium
2145,95,medium
2146,26,medium
2147,1,low
2148,50,medium
2149,27,medium
2150,2,low
2151,73,medium
2152,219,medium
2153,539,high
2154,33,medium
2155,121,medium
2156,17,medium
2157,117,medium
2158,19,medium
2159,6,low
2160,6,low
2161,230,medium
2162,1,low
2163,3,low
2164,6,low
2165,223,medium
2166,98,medium
2167,207,medium
2168,439,high
2169,77,medium
2170,17,medium
2171,20,medium
2172,169,medium
2173,59,medium
2174,123,medium
2175,4,low
2176,213,medium
2177,4,low
2178,1,low
2179,21,medium
2180,13,medium
2181,12,medium
2182,129,medium
2183,1,low
2184,65,medium
2185,414,high
2186,32,medium
2187,42,medium
2188,22,medium
2189,20,medium
2190,58,medium
2191,168,medium
2192,54,medium
2193,14,medium
2194,32,medium
2195,25,medium
2196,468,high
2197,574,high
2198,9,low
2199,53,medium
2200,80,medium
2201,85,medium
2202,23,medium
2203,5,low
2204,2,low
2205,53,medium
2206,14,medium
2207,107,medium
2208,13,medium
2209,3,low
2210,4,low
2211,90,medium
2212,150,medium
2213,42,medium
2214,70,medium
2215,13,medium
2216,8,low
2217,4,low
2218,80,medium
2219,20,medium
2220,16,medium
2221,316,high
2222,317,high
2223,703,high
2224,115,medium
2225,79,medium
2226,92,medium
2227,151,medium
2228,27,medium
2229,1,low
2230,1,low
2231,3,low
2232,292,high
2233,48,medium
2234,227,medium
2235,423,high
2236,1,low
2237,2,low
2238,4,low
2239,38,medium
2240,8,low
2241,28,medium
2242,102,medium
2243,87,medium
2244,7,low
2245,106,medium
2246,56,medium
2247,8,low
2248,3,low
2249,44,medium
2250,6,low
2251,65,medium
2252,44,medium
2253,7,low
2254,272,high
2255,5,low
2256,113,medium
2257,17,medium
2258,5,low
2259,61,medium
2260,2145,high
2261,347,high
2262,21,medium
2263,43,medium
2264,102,medium
2265,9,low
2266,2,low
2267,19,medium
2268,494,high
2269,237,medium
2270,26,medium
2271,134,medium
2272,32,medium
2273,10,medium
2274,28,medium
2275,16,medium
2276,17,medium
2277,23,medium
2278,43,medium
2279,79,medium
2280,13,medium
2281,167,medium
2282,1112,high
2283,185,medium
2284,3,low
2285,299,high
2286,68,medium
2287,51,medium
2288,59,medium
2289,29,medium
2290,103,medium
2291,105,medium
2292,96,medium
2293,3,low
2294,58,medium
2295,115,medium
2296,482,high
2297,32,medium
2298,24,medium
2299,43,medium
2300,185,medium
2301,1,low
2302,78,medium
2303,24,medium
2304,22,medium
2305,8,low
2306,1110,high
2307,34,medium
2308,24,medium
2309,6,low
2310,83,medium
2311,36,medium
2312,14,medium
2313,2,low
2314,5,low
2315,10,medium
2316,67,medium
2317,649,high
2318,309,high
2319,56,medium
2320,20,medium
2321,162,medium
2322,48,medium
2323,14,medium
2324,23,medium
2325,289,high
2326,28,medium
2327,8,low
2328,34,medium
2329,22,medium
2330,12,medium
2331,85,medium
2332,3,low
2333,16,medium
2334,571,high
2335,4,low
2336,19,medium
2337,89,medium
2338,40,medium
2339,377,high
2340,17,medium
2341,434,high
2342,36,medium
2343,12,medium
2344,14,medium
2345,38,medium
2346,65,medium
2347,171,medium
2348,466,high
2349,148,medium
2350,5,low
2351,7,low
2352,5,low
2353,93,medium
2354,171,medium
2355,8,low
2356,1,low
2357,24,medium
2358,73,medium
2359,694,high
2360,1,low
2361,415,high
2362,263,high
2363,242,high
2364,19,medium
2365,243,high
2366,5,low
2367,883,high
2368,156,medium
2369,292,high
2370,2,low
2371,51,medium
2372,32,medium
2373,425,high
2374,837,high
2375,97,medium
2376,132,medium
2377,16,medium
2378,2,low
2379,871,high
2380,345,high
2381,33,medium
2382,94,medium
2383,503,high
2384,18,medium
2385,418,high
2386,81,medium
2387,31,medium
2388,2,low
2389,1523,high
2390,144,medium
2391,151,medium
2392,72,medium
2393,35,medium
2394,51,medium
2395,165,medium
2396,299,high
2397,229,medium
2398,59,medium
2399,107,medium
2400,15,medium
2401,314,high
2402,136,medium
2403,86,medium
2404,155,medium
2405,108,medium
2406,10,medium
2407,210,medium
2408,123,medium
2409,103,medium
2410,7,low
2411,40,medium
2412,304,high
2413,4,low
2414,25,medium
2415,8,low
2416,21,medium
2417,159,medium
2418,434,high
2419,150,medium
2420,10,medium
2421,31,medium
2422,177,medium
2423,16,medium
2424,48,medium
2425,31,medium
2426,1,low
2427,4,low
2428,11,medium
2429,92,medium
2430,9,low
2431,198,medium
2432,3,low
2433,505,high
2434,2083,high
2435,620,high
2436,152,medium
2437,1,low
2438,18,medium
2439,11,medium
2440,7,low
2441,26,medium
2442,389,high
2443,47,medium
2444,82,medium
2445,4,low
2446,37,medium
2447,5,low
2448,7,low
2449,1,low
2450,3,low
2451,190,medium
2452,29,medium
2453,25,medium
2454,59,medium
2455,2,low
2456,26,medium
2457,10,medium
2458,11,medium
2459,37,medium
2460,363,high
2461,48,medium
2462,11,medium
2463,1253,high
2464,175,medium
2465,72,medium
2466,112,medium
2467,372,high
2468,76,medium
2469,1038,high
2470,10,medium
2471,7,low
2472,9,low
2473,50,medium
2474,96,medium
2475,144,medium
2476,1088,high
2477,110,medium
2478,40,medium
2479,2,low
2480,59,medium
2481,6,low
2482,25,medium
2483,2,low
2484,17,medium
2485,18,medium
2486,49,medium
2487,7,low
2488,9,low
2489,1,low
2490,240,high
2491,28,medium
2492,1,low
2493,83,medium
2494,1,low
2495,9,low
2496,2,low
2497,324,high
2498,51,medium
2499,9,low
2500,45,medium
2501,8,low
2502,4,low
2503,5,low
2504,10,medium
2505,6,low
2506,66,medium
2507,11,medium
2508,7,low
2509,126,medium
2510,284,high
2511,21,medium
2512,16,medium
2513,35,medium
2514,74,medium
2515,23,medium
2516,30,medium
2517,8,low
2518,2,low
2519,17,medium
2520,106,medium
2521,6,low
2522,1,low
2523,1,low
2524,22,medium
2525,242,high
2526,2805,high
2527,201,medium
2528,50,medium
2529,151,medium
2530,20,medium
2531,349,high
2532,11,medium
2533,5,low
2534,119,medium
2535,155,medium
2536,6,low
2537,1,low
2538,109,medium
2539,523,high
2540,483,high
2541,3,low
2542,34,medium
2543,123,medium
2544,12,medium
2545,59,medium
2546,4,low
2547,78,medium
2548,39,medium
2549,320,high
2550,37,medium
2551,155,medium
2552,5,low
2553,29,medium
2554,7,low
2555,1,low
2556,29,medium
2557,150,medium
2558,696,high
2559,99,medium
2560,3,low
2561,17,medium
2562,5,low
2563,11,medium
2564,9,low
2565,20,medium
2566,63,medium
2567,40,medium
2568,134,medium
2569,19,medium
2570,6,low
2571,11,medium
2572,65,medium
2573,31,medium
2574,45,medium
2575,619,high
2576,1,low
2577,4,low
2578,286,high
2579,7,low
2581,484,high
2582,1225,high
2583,384,high
2584,1150,high
2585,276,high
2586,80,medium
2587,224,medium
2588,158,medium
2589,8,low
2590,95,medium
2591,47,medium
2592,211,medium
2593,74,medium
2594,33,medium
2595,121,medium
2596,4,low
2597,7,low
2598,80,medium
2599,5,low
2600,2,low
2601,118,medium
2602,123,medium
2603,82,medium
2604,21,medium
2605,24,medium
2606,76,medium
2607,145,medium
2608,124,medium
2609,102,medium
2610,533,high
2611,6,low
2612,176,medium
2613,668,high
2614,543,high
2615,460,high
2616,40,medium
2617,396,high
2618,123,medium
2619,49,medium
2620,1,low
2621,46,medium
2622,1059,high
2623,1,low
2624,71,medium
2625,4,low
2626,11,medium
2627,6,low
2628,7,low
2629,319,high
2630,80,medium
2631,607,high
2632,64,medium
2633,70,medium
2634,209,medium
2635,48,medium
2636,346,high
2637,3,low
2638,36,medium
2639,212,medium
2640,13,medium
2641,27,medium
2642,5,low
2643,9,low
2644,2,low
2645,61,medium
2646,5,low
2647,627,high
2648,52,medium
2649,1024,high
2650,61,medium
2651,215,medium
2652,147,medium
2653,236,medium
2654,7,low
2655,245,high
2656,5,low
2657,43,medium
2658,69,medium
2659,1727,high
2660,7,low
2661,3,low
2662,260,high
2663,22,medium
2664,4,low
2665,42,medium
2666,294,high
2667,669,high
2668,212,medium
2669,33,medium
2670,20,medium
2671,87,medium
2672,4,low
2673,20,medium
2674,12,medium
2675,67,medium
2676,149,medium
2677,13,medium
2678,133,medium
2679,305,high
2680,263,high
2681,13,medium
2682,176,medium
2683,24,medium
2684,6,low
2686,83,medium
2687,76,medium
2688,194,medium
2689,8,low
2690,119,medium
2691,420,high
2692,218,medium
2693,339,high
2694,78,medium
2695,440,high
2696,62,medium
2697,561,high
2698,131,medium
2699,3,low
2700,2,low
2701,4,low
2702,399,high
2703,40,medium
2704,45,medium
2705,8,low
2706,10,medium
2707,13,medium
2708,8,low
2709,42,medium
2710,613,high
2711,125,medium
2712,16,medium
2713,39,medium
2714,4,low
2715,2,low
2716,1,low
2717,380,high
2718,193,medium
2719,255,high
2720,29,medium
2721,12,medium
2722,1,low
2723,113,medium
2724,249,high
2725,255,high
2726,35,medium
2727,292,high
2728,213,medium
2729,636,high
2730,13,medium
2731,135,medium
2732,51,medium
2733,56,medium
2734,73,medium
2735,91,medium
2736,106,medium
2737,586,high
2738,395,high
2739,300,high
2740,1,low
2741,1,low
2742,47,medium
2743,254,high
2744,271,high
2745,209,medium
2746,150,medium
2747,120,medium
2748,14,medium
2749,117,medium
2750,65,medium
2751,399,high
2752,66,medium
2753,161,medium
2754,356,high
2755,111,medium
2756,391,high
2757,489,high
2758,155,medium
2759,19,medium
2760,525,high
2761,431,high
2762,11,medium
2763,410,high
2764,544,high
2765,20,medium
2766,15,medium
2767,136,medium
2768,31,medium
2769,112,medium
2770,1244,high
2771,44,medium
2772,2,low
2773,32,medium
2774,35,medium
2775,42,medium
2776,8,low
2777,12,medium
2778,17,medium
2779,113,medium
2780,3,low
2781,28,medium
2782,24,medium
2783,170,medium
2784,12,medium
2785,1,low
2786,22,medium
2787,26,medium
2788,137,medium
2789,142,medium
2790,2,low
2791,12,medium
2792,23,medium
2793,7,low
2794,6,low
2795,19,medium
2796,60,medium
2797,19,medium
2798,18,medium
2799,114,medium
2800,94,medium
2801,957,high
2802,520,high
2803,3,low
2804,35,medium
2805,257,high
2806,147,medium
2807,3,low
2808,164,medium
2809,126,medium
2810,194,medium
2811,27,medium
2812,288,high
2813,758,high
2814,7,low
2815,3,low
2816,190,medium
2817,1,low
2818,11,medium
2819,98,medium
2820,312,high
2821,131,medium
2822,18,medium
2823,1,low
2824,183,medium
2825,470,high
2826,1122,high
2827,714,high
2828,32,medium
2829,350,high
2830,104,medium
2831,4,low
2832,99,medium
2833,86,medium
2834,31,medium
2835,1,low
2836,180,medium
2837,214,medium
2838,1,low
2839,34,medium
2840,170,medium
2841,15,medium
2842,18,medium
2843,105,medium
2844,329,high
2845,107,medium
2846,250,high
2847,34,medium
2848,116,medium
2849,255,high
2850,312,high
2851,120,medium
2853,53,medium
2854,2,low
2855,70,medium
2856,586,high
2857,38,medium
2858,133,medium
2859,42,medium
2860,4,low
2861,2,low
2862,39,medium
2863,14,medium
2864,189,medium
2865,14,medium
2866,25,medium
2867,16,medium
2868,56,medium
2869,34,medium
2870,1,low
2871,49,medium
2872,4,low
2873,2,low
2874,22,medium
2875,1,low
2876,28,medium
2877,4,low
2878,12,medium
2879,32,medium
2880,2,low
2881,49,medium
2882,199,medium
2883,5,low
2884,334,high
2885,250,high
2886,36,medium
2887,124,medium
2888,168,medium
2889,131,medium
2890,354,high
2891,646,high
2892,112,medium
2893,666,high
2894,692,high
2895,162,medium
2896,83,medium
2897,185,medium
2898,297,high
2899,212,medium
2900,59,medium
2901,251,high
2902,179,medium
2903,251,high
2904,94,medium
2905,290,high
2906,13,medium
2907,176,medium
2908,87,medium
2909,227,medium
2910,73,medium
2911,139,medium
2912,142,medium
2913,55,medium
2914,11,medium
2915,1,low
2917,36,medium
2918,7,low
2919,7,low
2920,29,medium
2921,96,medium
2922,15,medium
2923,25,medium
2924,1,low
2925,35,medium
2926,3,low
2927,2,low
2928,1,low
2929,1,low
2930,128,medium
2931,299,high
2932,18,medium
2933,253,high
2934,275,high
2935,21,medium
2936,4,low
2937,30,medium
2938,2,low
2939,19,medium
2940,235,medium
2941,108,medium
2942,15,medium
2943,42,medium
2944,23,medium
2945,1,low
2946,1,low
2947,69,medium
2948,345,high
2949,22,medium
2950,7,low
2951,26,medium
2952,1,low
2953,51,medium
2954,22,medium
2955,48,medium
2956,78,medium
2957,207,medium
2958,20,medium
2959,70,medium
2960,4,low
2961,9,low
2962,358,high
2963,4,low
2964,1,low
2965,25,medium
2966,25,medium
2967,27,medium
2968,134,medium
2969,148,medium
2970,5,low
2971,5,low
2972,8,low
2973,1,low
2974,163,medium
2975,13,medium
2976,110,medium
2977,6,low
2978,2,low
2979,160,medium
2980,80,medium
2981,64,medium
2982,264,high
2983,408,high
2984,416,high
2985,734,high
2986,560,high
2987,736,high
2988,108,medium
2989,183,medium
2990,179,medium
2991,16,medium
2992,36,medium
2993,42,medium
2994,30,medium
2995,30,medium
2996,2,low
2997,29,medium
2999,1,low
3000,68,medium
3001,2,low
3002,1,low
3003,1,low
3004,173,medium
3005,20,medium
3006,474,high
3007,35,medium
3008,56,medium
3009,8,low
3010,2,low
3011,10,medium
3012,13,medium
3013,7,low
3014,42,medium
3015,10,medium
3016,498,high
3017,226,medium
3018,186,medium
3019,32,medium
3020,6,low
3021,6,low
3022,10,medium
3023,6,low
3024,112,medium
3025,96,medium
3026,70,medium
3027,899,high
3028,197,medium
3029,7,low
3030,79,medium
3031,1,low
3032,17,medium
3033,16,medium
3034,37,medium
3035,38,medium
3036,860,high
3037,6,low
3038,117,medium
3039,897,high
3040,96,medium
3041,23,medium
3042,527,high
3043,29,medium
3044,87,medium
3045,31,medium
3046,15,medium
3047,227,medium
3048,100,medium
3049,19,medium
3050,12,medium
3051,11,medium
3052,10,medium
3053,486,high
3054,28,medium
3055,3,low
3056,115,medium
3057,24,medium
3058,15,medium
3059,218,medium
3060,4,low
3061,3,low
3062,97,medium
3063,49,medium
3064,21,medium
3065,46,medium
3066,681,high
3067,9,low
3068,390,high
3069,242,high
3070,111,medium
3071,17,medium
3072,10,medium
3073,46,medium
3074,49,medium
3075,17,medium
3076,208,medium
3077,242,high
3078,4,low
3079,3,low
3080,118,medium
3081,210,medium
3082,376,high
3083,225,medium
3084,80,medium
3085,1052,high
3086,12,medium
3087,7,low
3088,99,medium
3089,375,high
3090,101,medium
3091,113,medium
3092,319,high
3093,90,medium
3094,965,high
3095,1,low
3096,60,medium
3097,81,medium
3098,5,low
3099,44,medium
3100,2,low
3101,228,medium
3102,4,low
3103,19,medium
3104,9,low
3105,190,medium
3106,8,low
3107,20,medium
3108,29,medium
3109,220,medium
3110,594,high
3111,39,medium
3112,141,medium
3113,44,medium
3114,74,medium
3115,498,high
3116,245,high
3117,72,medium
3118,288,high
3119,268,high
3120,25,medium
3121,512,high
3122,13,medium
3123,266,high
3124,173,medium
3125,25,medium
3126,81,medium
3127,147,medium
3128,2,low
3129,15,medium
3130,92,medium
3131,8,low
3132,138,medium
3133,2,low
3134,3,low
3135,259,high
3136,126,medium
3137,530,high
3138,754,high
3139,128,medium
3140,76,medium
3141,1,low
3142,9,low
3143,14,medium
3144,2,low
3145,158,medium
3146,277,high
3147,308,high
3148,13,medium
3149,105,medium
3150,24,medium
3151,10,medium
3152,1,low
3153,596,high
3154,36,medium
3155,306,high
3156,140,medium
3157,52,medium
3158,177,medium
3159,173,medium
3160,70,medium
3161,298,high
3162,648,high
3163,15,medium
3164,68,medium
3165,471,high
3166,179,medium
3167,26,medium
3168,20,medium
3169,8,low
3170,1,low
3171,4,low
3172,110,medium
3173,143,medium
3174,16,medium
3175,12,medium
3176,17,medium
3177,4,low
3178,64,medium
3179,3,low
3180,1,low
3181,2,low
3182,173,medium
3183,12,medium
3184,1427,high
3185,9,low
3186,9,low
3187,2,low
3188,25,medium
3189,12,medium
3190,14,medium
3191,9,low
3192,23,medium
3193,18,medium
3194,291,high
3195,2,low
3196,18,medium
3197,74,medium
3198,2,low
3199,16,medium
3200,11,medium
3201,91,medium
3202,54,medium
3203,25,medium
3204,2,low
3205,13,medium
3206,1,low
3207,69,medium
3208,18,medium
3209,121,medium
3210,1,low
3211,446,high
3212,3,low
3213,4,low
3214,6,low
3215,17,medium
3216,66,medium
3217,196,medium
3218,134,medium
3219,22,medium
3220,184,medium
3221,181,medium
3222,34,medium
3223,16,medium
3224,55,medium
3225,546,high
3226,478,high
3227,11,medium
3228,14,medium
3229,62,medium
3230,51,medium
3231,219,medium
3232,26,medium
3233,170,medium
3234,139,medium
3235,265,high
3236,3,low
3237,14,medium
3238,252,high
3239,261,high
3240,5,low
3241,3,low
3242,4,low
3243,46,medium
3244,7,low
3245,11,medium
3246,33,medium
3247,1,low
3248,1,low
3249,103,medium
3250,1,low
3251,94,medium
3252,382,high
3253,34,medium
3254,1,low
3255,4,low
3256,42,medium
3257,19,medium
3258,48,medium
3259,14,medium
3260,14,medium
3261,4,low
3262,4,low
3263,1,low
3264,239,medium
3265,7,low
3266,13,medium
3267,824,high
3268,45,medium
3269,6,low
3270,9,low
3271,180,medium
3272,103,medium
3273,33,medium
3274,59,medium
3275,51,medium
3276,32,medium
3277,240,high
3278,129,medium
3279,522,high
3280,162,medium
3281,301,high
3282,165,medium
3283,85,medium
3284,12,medium
3285,13,medium
3286,6,low
3287,8,low
3288,43,medium
3289,6,low
3290,5,low
3291,16,medium
3292,163,medium
3293,272,high
3294,436,high
3295,140,medium
3296,192,medium
3297,642,high
3298,620,high
3299,259,high
3300,55,medium
3301,209,medium
3302,87,medium
3303,80,medium
3304,12,medium
3305,12,medium
3306,15,medium
3307,141,medium
3308,51,medium
3309,24,medium
3310,16,medium
3311,8,low
3312,201,medium
3313,28,medium
3314,16,medium
3315,53,medium
3316,2,low
3317,167,medium
3318,120,medium
3319,41,medium
3320,52,medium
3321,99,medium
3322,112,medium
3323,105,medium
3324,368,high
3325,20,medium
3326,21,medium
3327,202,medium
3328,28,medium
3329,362,high
3330,28,medium
3331,36,medium
3332,37,medium
3333,27,medium
3334,293,high
3335,182,medium
3336,162,medium
3337,14,medium
3338,166,medium
3339,252,high
3340,39,medium
3341,91,medium
3342,1,low
3343,8,low
3344,907,high
3345,194,medium
3346,759,high
3347,47,medium
3348,438,high
3349,9,low
3350,4,low
3351,31,medium
3352,13,medium
3353,159,medium
3354,7,low
3355,385,high
3356,40,medium
3357,13,medium
3358,36,medium
3359,9,low
3360,8,low
3361,88,medium
3362,171,medium
3363,66,medium
3364,37,medium
3365,4,low
3366,9,low
3367,12,medium
3368,1,low
3369,2,low
3370,16,medium
3371,8,low
3372,9,low
3373,184,medium
3374,69,medium
3375,208,medium
3376,76,medium
3377,44,medium
3378,160,medium
3379,123,medium
3380,25,medium
3381,131,medium
3382,42,medium
3383,974,high
3384,58,medium
3385,32,medium
3386,8,low
3387,3,low
3388,209,medium
3389,5,low
3390,1,low
3391,166,medium
3392,41,medium
3393,5,low
3394,10,medium
3395,8,low
3396,22,medium
3397,46,medium
3398,32,medium
3399,388,high
3400,25,medium
3401,281,high
3402,147,medium
3403,29,medium
3404,163,medium
3405,25,medium
3406,7,low
3407,1,low
3408,186,medium
3409,4,low
3410,55,medium
3411,46,medium
3412,38,medium
3413,10,medium
3414,52,medium
3415,68,medium
3416,221,medium
3417,1,low
3418,7,low
3419,107,medium
3420,8,low
3421,10,medium
3422,35,medium
3423,38,medium
3424,268,high
3425,26,medium
3426,7,low
3427,12,medium
3428,20,medium
3429,60,medium
3430,6,low
3431,222,medium
3432,13,medium
3433,51,medium
3434,10,medium
3435,8,low
3436,33,medium
3437,3,low
3438,26,medium
3439,119,medium
3440,7,low
3441,13,medium
3442,24,medium
3443,19,medium
3444,27,medium
3445,59,medium
3446,6,low
3447,90,medium
3448,9,low
3449,273,high
3450,39,medium
3451,64,medium
3452,3,low
3453,5,low
3454,430,high
3455,151,medium
3456,29,medium
3457,191,medium
3458,69,medium
3459,167,medium
3460,9,low
3461,3,low
3462,14,medium
3463,4,low
3464,34,medium
3465,10,medium
3466,1,low
3467,105,medium
3468,3,low
3469,4,low
3470,13,medium
3471,15,medium
3472,1,low
3473,2,low
3474,22,medium
3475,4,low
3476,302,high
3477,10,medium
3478,9,low
3479,87,medium
3480,796,high
3481,9,low
3482,11,medium
3483,23,medium
3484,7,low
3485,25,medium
3486,2,low
3487,9,low
3488,12,medium
3489,14,medium
3490,120,medium
3491,479,high
3492,6,low
3493,13,medium
3494,35,medium
3495,59,medium
3496,301,high
3497,122,medium
3498,49,medium
3499,9,low
3500,38,medium
3501,11,medium
3502,8,low
3503,17,medium
3504,8,low
3505,83,medium
3506,72,medium
3507,187,medium
3508,104,medium
3509,107,medium
3510,99,medium
3511,3,low
3512,146,medium
3513,2,low
3514,11,medium
3515,7,low
3516,70,medium
3517,31,medium
3518,2,low
3519,4,low
3520,1,low
3521,3,low
3522,3,low
3523,40,medium
3524,1,low
3525,3,low
3526,12,medium
3527,29,medium
3528,484,high
3529,217,medium
3530,30,medium
3531,25,medium
3532,241,high
