user_idx,degree,degree_group
0,43,medium
1,71,medium
2,35,medium
3,16,low
4,80,medium
5,48,medium
6,24,medium
7,83,medium
8,67,medium
9,303,high
10,66,medium
11,12,low
12,38,medium
13,11,low
14,97,medium
15,11,low
16,165,high
17,192,high
18,141,medium
19,17,low
20,4,low
21,117,medium
22,127,medium
23,108,medium
24,50,medium
25,100,medium
26,52,medium
27,68,medium
28,50,medium
29,20,low
30,66,medium
31,26,medium
32,198,high
33,111,medium
34,113,medium
35,301,high
36,34,medium
37,54,medium
38,32,medium
39,48,medium
40,12,low
41,141,medium
42,18,low
43,118,medium
44,89,medium
45,31,medium
46,15,low
47,154,high
48,63,medium
49,11,low
50,24,medium
51,44,medium
52,534,high
53,31,medium
54,16,low
55,48,medium
56,29,medium
57,322,high
58,107,medium
59,32,medium
60,7,low
61,261,high
62,48,medium
63,21,low
64,106,medium
65,14,low
66,54,medium
67,48,medium
68,52,medium
69,32,medium
70,17,low
71,28,medium
72,115,medium
73,28,medium
74,132,medium
75,71,medium
76,10,low
77,80,medium
78,14,low
79,31,medium
80,72,medium
81,86,medium
82,54,medium
83,20,low
84,13,low
85,40,medium
86,25,medium
87,53,medium
88,11,low
89,102,medium
90,40,medium
91,140,medium
92,82,medium
93,12,low
94,52,medium
95,47,medium
96,143,high
97,10,low
98,49,medium
99,18,low
100,96,medium
101,57,medium
102,84,medium
103,19,low
104,48,medium
105,34,medium
106,73,medium
107,15,low
108,69,medium
109,32,medium
110,57,medium
111,43,medium
112,37,medium
113,64,medium
114,20,low
115,54,medium
116,208,high
117,133,medium
118,49,medium
119,32,medium
120,61,medium
121,23,medium
122,284,high
123,18,low
124,54,medium
125,36,medium
126,110,medium
127,16,low
128,122,medium
129,112,medium
130,166,high
131,61,medium
132,123,medium
133,53,medium
134,38,medium
135,169,high
136,115,medium
137,57,medium
138,155,high
139,34,medium
140,13,low
141,21,low
142,34,medium
143,15,low
144,13,low
145,278,high
146,99,medium
147,389,high
148,427,high
149,186,high
150,280,high
151,18,low
152,17,low
153,13,low
154,37,medium
155,128,medium
156,260,high
157,15,low
158,21,low
159,7,low
160,271,high
161,79,medium
162,56,medium
163,22,medium
164,81,medium
165,225,high
166,16,low
167,16,low
168,334,high
169,60,medium
170,17,low
171,10,low
172,391,high
173,54,medium
174,230,high
175,43,medium
176,31,medium
177,77,medium
178,26,medium
179,33,medium
180,180,high
181,53,medium
182,75,medium
183,58,medium
184,25,medium
185,100,medium
186,348,high
187,26,medium
188,20,low
189,84,medium
190,12,low
191,209,high
192,147,high
193,46,medium
194,565,high
195,21,low
196,13,low
197,244,high
198,177,high
199,11,low
200,60,medium
201,284,high
202,23,medium
203,243,high
204,108,medium
205,12,low
206,13,low
207,104,medium
208,7,low
209,77,medium
210,23,medium
211,78,medium
212,17,low
213,69,medium
214,30,medium
215,333,high
216,9,low
217,32,medium
218,12,low
219,77,medium
220,10,low
221,66,medium
222,127,medium
223,95,medium
224,277,high
225,9,low
226,11,low
227,25,medium
228,97,medium
229,138,medium
230,78,medium
231,51,medium
232,47,medium
233,24,medium
234,343,high
235,38,medium
236,89,medium
237,151,high
238,52,medium
239,57,medium
240,41,medium
241,98,medium
242,17,low
243,70,medium
244,139,medium
245,17,low
246,17,low
247,22,medium
248,70,medium
249,10,low
250,39,medium
251,45,medium
252,41,medium
253,14,low
254,210,high
255,54,medium
256,42,medium
257,84,medium
258,109,medium
259,69,medium
260,201,high
261,44,medium
262,55,medium
263,103,medium
264,80,medium
265,42,medium
266,59,medium
267,143,high
268,17,low
269,104,medium
270,225,high
271,303,high
272,120,medium
273,125,medium
274,65,medium
275,12,low
276,14,low
277,133,medium
278,13,low
279,33,medium
280,71,medium
281,13,low
282,25,medium
283,187,high
284,103,medium
285,28,medium
286,61,medium
287,51,medium
288,51,medium
289,11,low
290,87,medium
291,25,medium
292,172,high
293,25,medium
294,121,medium
295,61,medium
296,62,medium
297,19,low
298,84,medium
299,201,high
300,227,high
301,252,high
302,140,medium
303,12,low
304,42,medium
305,142,medium
306,162,high
307,278,high
308,97,medium
309,128,medium
310,15,low
311,35,medium
312,18,low
313,180,high
314,13,low
315,58,medium
316,14,low
317,14,low
318,305,high
319,16,low
320,96,medium
321,33,medium
322,78,medium
323,39,medium
324,28,medium
325,150,high
326,144,high
327,15,low
328,204,high
329,57,medium
330,389,high
331,57,medium
332,100,medium
333,46,medium
334,37,medium
335,84,medium
336,107,medium
337,226,high
338,97,medium
339,52,medium
340,13,low
341,73,medium
342,233,high
343,37,medium
344,18,low
345,251,high
346,70,medium
347,62,medium
348,94,medium
349,45,medium
350,69,medium
351,450,high
352,15,low
353,32,medium
354,242,high
355,17,low
356,33,medium
357,44,medium
358,33,medium
359,42,medium
360,14,low
361,21,low
362,25,medium
363,13,low
364,18,low
365,185,high
366,23,medium
367,204,high
368,38,medium
369,30,medium
370,35,medium
371,150,high
372,11,low
373,43,medium
374,37,medium
375,90,medium
376,92,medium
377,21,low
378,52,medium
379,87,medium
380,24,medium
381,37,medium
382,12,low
383,11,low
384,89,medium
385,125,medium
386,35,medium
387,37,medium
388,42,medium
389,124,medium
390,54,medium
391,265,high
392,42,medium
393,9,low
394,11,low
395,97,medium
396,24,medium
397,156,high
398,22,medium
399,28,medium
400,53,medium
401,171,high
402,187,high
403,39,medium
404,33,medium
405,70,medium
406,15,low
407,121,medium
408,221,high
409,66,medium
410,262,high
411,406,high
412,88,medium
413,18,low
414,208,high
415,40,medium
416,12,low
417,26,medium
418,75,medium
419,52,medium
420,15,low
421,22,medium
422,14,low
423,786,high
424,126,medium
425,158,high
426,20,low
427,31,medium
428,144,high
429,43,medium
430,51,medium
431,22,medium
432,21,low
433,30,medium
434,88,medium
435,89,medium
436,42,medium
437,335,high
438,60,medium
439,15,low
440,32,medium
441,291,high
442,21,low
443,91,medium
444,116,medium
445,47,medium
446,35,medium
447,10,low
448,33,medium
449,40,medium
450,198,high
451,117,medium
452,240,high
453,131,medium
454,19,low
455,66,medium
456,161,high
457,18,low
458,16,low
459,24,medium
460,214,high
461,92,medium
462,42,medium
463,46,medium
464,21,low
465,175,high
466,28,medium
467,14,low
468,40,medium
469,47,medium
470,57,medium
471,32,medium
472,39,medium
473,158,high
474,165,high
475,280,high
476,102,medium
477,26,medium
478,60,medium
479,48,medium
480,120,medium
481,313,high
482,9,low
483,20,low
484,34,medium
485,27,medium
486,21,low
487,11,low
488,10,low
489,50,medium
490,13,low
491,22,medium
492,120,medium
493,137,medium
494,26,medium
495,99,medium
496,14,low
497,92,medium
498,134,medium
499,56,medium
500,33,medium
501,17,low
502,22,medium
503,71,medium
504,99,medium
505,40,medium
506,28,medium
507,78,medium
508,307,high
509,62,medium
510,13,low
511,23,medium
512,75,medium
513,59,medium
514,90,medium
515,60,medium
516,115,medium
517,215,high
518,22,medium
519,218,high
520,31,medium
521,34,medium
522,74,medium
523,630,high
524,30,medium
525,36,medium
526,18,low
527,270,high
528,100,medium
529,72,medium
530,307,high
531,30,medium
532,289,high
533,67,medium
534,11,low
535,151,high
536,87,medium
537,43,medium
538,90,medium
539,17,low
540,76,medium
541,21,low
542,513,high
543,55,medium
544,13,low
545,113,medium
546,54,medium
547,42,medium
548,758,high
549,514,high
550,159,high
551,65,medium
552,53,medium
553,19,low
554,22,medium
555,125,medium
556,41,medium
557,167,high
558,5,low
559,93,medium
560,22,medium
561,21,low
562,86,medium
563,35,medium
564,13,low
565,87,medium
566,66,medium
567,22,medium
568,61,medium
569,118,medium
570,84,medium
571,5,low
572,25,medium
573,13,low
574,99,medium
575,34,medium
576,135,medium
577,18,low
578,52,medium
579,23,medium
580,29,medium
581,59,medium
582,129,medium
583,32,medium
584,80,medium
585,29,medium
586,126,medium
587,366,high
588,18,low
589,134,medium
590,128,medium
591,17,low
592,58,medium
593,129,medium
594,65,medium
595,12,low
596,50,medium
597,17,low
598,14,low
599,13,low
600,140,medium
601,78,medium
602,30,medium
603,83,medium
604,93,medium
605,21,low
606,17,low
607,54,medium
608,44,medium
609,64,medium
610,101,medium
611,21,low
612,55,medium
613,33,medium
614,78,medium
615,28,medium
616,16,low
617,14,low
618,13,low
619,81,medium
620,94,medium
621,39,medium
622,143,high
623,225,high
624,33,medium
625,49,medium
626,15,low
627,33,medium
628,120,medium
629,98,medium
630,202,high
631,21,low
632,22,medium
633,46,medium
634,156,high
635,59,medium
636,243,high
637,93,medium
638,286,high
639,15,low
640,96,medium
641,19,low
642,15,low
643,52,medium
644,38,medium
645,170,high
646,103,medium
647,116,medium
648,43,medium
649,23,medium
650,288,high
651,37,medium
652,15,low
653,91,medium
654,108,medium
655,119,medium
656,41,medium
657,25,medium
658,66,medium
659,202,high
660,62,medium
661,49,medium
662,56,medium
663,119,medium
664,10,low
665,64,medium
666,64,medium
667,18,low
668,305,high
669,37,medium
670,115,medium
671,31,medium
672,174,high
673,65,medium
674,19,low
675,130,medium
676,146,high
677,635,high
678,63,medium
679,17,low
680,27,medium
681,70,medium
682,14,low
683,27,medium
684,60,medium
685,16,low
686,161,high
687,24,medium
688,63,medium
689,168,high
690,90,medium
691,448,high
692,47,medium
693,24,medium
694,98,medium
695,258,high
696,74,medium
697,149,high
698,225,high
699,21,low
700,34,medium
701,233,high
702,14,low
703,24,medium
704,58,medium
705,84,medium
706,33,medium
707,10,low
708,26,medium
709,462,high
710,104,medium
711,133,medium
712,121,medium
713,341,high
714,66,medium
715,325,high
716,12,low
717,112,medium
718,14,low
719,78,medium
720,354,high
721,38,medium
722,12,low
723,98,medium
724,62,medium
725,53,medium
726,138,medium
727,72,medium
728,90,medium
729,33,medium
730,390,high
731,96,medium
732,89,medium
733,27,medium
734,216,high
735,83,medium
736,122,medium
737,16,low
738,115,medium
739,27,medium
740,37,medium
741,28,medium
742,70,medium
743,143,high
744,7,low
745,103,medium
746,18,low
747,55,medium
748,185,high
749,48,medium
750,18,low
751,391,high
752,150,high
753,101,medium
754,98,medium
755,20,low
756,164,high
757,20,low
758,53,medium
759,55,medium
760,16,low
761,26,medium
762,15,low
763,116,medium
764,218,high
765,33,medium
766,141,medium
767,41,medium
768,43,medium
769,248,high
770,13,low
771,47,medium
772,28,medium
773,70,medium
774,14,low
775,65,medium
776,38,medium
777,97,medium
778,19,low
779,257,high
780,104,medium
781,8,low
782,61,medium
783,20,low
784,54,medium
785,43,medium
786,74,medium
787,104,medium
788,37,medium
789,16,low
790,237,high
791,38,medium
792,73,medium
793,27,medium
794,83,medium
795,132,medium
796,61,medium
797,126,medium
798,22,medium
799,166,high
800,174,high
801,396,high
802,29,medium
803,22,medium
804,48,medium
805,51,medium
806,21,low
807,105,medium
808,67,medium
809,81,medium
810,49,medium
811,58,medium
812,31,medium
813,25,medium
814,18,low
815,122,medium
816,303,high
817,109,medium
818,25,medium
819,49,medium
820,5,low
821,176,high
822,86,medium
823,174,high
824,20,low
825,14,low
826,14,low
827,55,medium
828,112,medium
829,88,medium
830,49,medium
831,119,medium
832,14,low
833,37,medium
834,5,low
835,17,low
836,22,medium
837,132,medium
838,602,high
839,206,high
840,10,low
841,22,medium
842,98,medium
843,42,medium
844,36,medium
845,178,high
846,29,medium
847,45,medium
848,40,medium
849,317,high
850,42,medium
851,25,medium
852,85,medium
853,155,high
854,309,high
855,24,medium
856,55,medium
857,142,medium
858,75,medium
859,17,low
860,53,medium
861,68,medium
862,51,medium
863,99,medium
864,26,medium
865,15,low
866,23,medium
867,40,medium
868,484,high
869,18,low
870,28,medium
871,60,medium
872,134,medium
873,17,low
874,62,medium
875,75,medium
876,281,high
877,36,medium
878,28,medium
879,58,medium
880,283,high
881,61,medium
882,19,low
883,66,medium
884,53,medium
885,18,low
886,45,medium
887,46,medium
888,362,high
889,167,high
890,138,medium
891,21,low
892,35,medium
893,61,medium
894,47,medium
895,43,medium
896,125,medium
897,19,low
898,171,high
899,12,low
900,17,low
901,18,low
902,32,medium
903,113,medium
904,79,medium
905,10,low
906,18,low
907,17,low
908,43,medium
909,97,medium
910,382,high
911,22,medium
912,21,low
913,50,medium
914,16,low
915,41,medium
916,19,low
917,43,medium
918,247,high
919,36,medium
920,96,medium
921,211,high
922,24,medium
923,174,high
924,25,medium
925,91,medium
926,70,medium
927,177,high
928,230,high
929,31,medium
930,113,medium
931,15,low
932,36,medium
933,148,high
934,192,high
935,45,medium
936,247,high
937,20,low
938,101,medium
939,58,medium
940,4,low
941,18,low
942,65,medium
943,29,medium
944,95,medium
945,23,medium
946,7,low
947,321,high
948,243,high
949,14,low
950,16,low
951,121,medium
952,176,high
953,84,medium
954,190,high
955,80,medium
956,283,high
957,113,medium
958,62,medium
959,92,medium
960,30,medium
961,36,medium
962,217,high
963,45,medium
964,60,medium
965,92,medium
966,49,medium
967,48,medium
968,20,low
969,214,high
970,99,medium
971,17,low
972,105,medium
973,37,medium
974,180,high
975,19,low
976,148,high
977,32,medium
978,51,medium
979,58,medium
980,105,medium
981,38,medium
982,54,medium
983,405,high
984,124,medium
985,12,low
986,134,medium
987,53,medium
988,40,medium
989,54,medium
990,31,medium
991,15,low
992,24,medium
993,31,medium
994,28,medium
995,225,high
996,20,low
997,115,medium
998,165,high
999,67,medium
1000,244,high
1001,51,medium
1002,20,low
1003,198,high
1004,72,medium
1005,17,low
1006,23,medium
1007,34,medium
1008,32,medium
1009,218,high
1010,22,medium
1011,24,medium
1012,30,medium
1013,19,low
1014,792,high
1015,100,medium
1016,225,high
1017,90,medium
1018,381,high
1019,66,medium
1020,120,medium
1021,83,medium
1022,31,medium
1023,23,medium
1024,21,low
1025,28,medium
1026,27,medium
1027,43,medium
1028,103,medium
1029,100,medium
1030,130,medium
1031,74,medium
1032,88,medium
1033,196,high
1034,56,medium
1035,40,medium
1036,20,low
1037,108,medium
1038,9,low
1039,227,high
1040,74,medium
1041,9,low
1042,23,medium
1043,96,medium
1044,20,low
1045,15,low
1046,52,medium
1047,31,medium
1048,20,low
1049,135,medium
1050,497,high
1051,56,medium
1052,159,high
1053,93,medium
1054,39,medium
1055,38,medium
1056,104,medium
1057,240,high
1058,152,high
1059,35,medium
1060,37,medium
1061,183,high
1062,80,medium
1063,69,medium
1064,50,medium
1065,72,medium
1066,72,medium
1067,319,high
1068,236,high
1069,11,low
1070,121,medium
1071,87,medium
1072,85,medium
1073,100,medium
1074,29,medium
1075,20,low
1076,229,high
1077,93,medium
1078,71,medium
1079,35,medium
1080,26,medium
1081,47,medium
1082,10,low
1083,61,medium
1084,19,low
1085,232,high
1086,259,high
1087,602,high
1088,55,medium
1089,30,medium
1090,3,low
1091,38,medium
1092,36,medium
1093,93,medium
1094,27,medium
1095,67,medium
1096,95,medium
1097,23,medium
1098,103,medium
1099,104,medium
1100,258,high
1101,7,low
1102,32,medium
1103,31,medium
1104,113,medium
1105,36,medium
1106,45,medium
1107,33,medium
1108,73,medium
1109,38,medium
1110,22,medium
1111,353,high
1112,244,high
1113,72,medium
1114,41,medium
1115,98,medium
1116,517,high
1117,16,low
1118,274,high
1119,490,high
1120,224,high
1121,46,medium
1122,10,low
1123,231,high
1124,219,high
1125,11,low
1126,56,medium
1127,222,high
1128,84,medium
1129,198,high
1130,100,medium
1131,137,medium
1132,82,medium
1133,125,medium
1134,111,medium
1135,24,medium
1136,350,high
1137,55,medium
1138,122,medium
1139,223,high
1140,235,high
1141,132,medium
1142,47,medium
1143,12,low
1144,27,medium
1145,90,medium
1146,170,high
1147,38,medium
1148,38,medium
1149,266,high
1150,204,high
1151,35,medium
1152,24,medium
1153,10,low
1154,73,medium
1155,33,medium
1156,16,low
1157,33,medium
1158,19,low
1159,24,medium
1160,60,medium
1161,83,medium
1162,39,medium
1163,239,high
1164,78,medium
1165,13,low
1166,30,medium
1167,119,medium
1168,36,medium
1169,189,high
1170,22,medium
1171,240,high
1172,123,medium
1173,7,low
1174,55,medium
1175,98,medium
1176,55,medium
1177,17,low
1178,136,medium
1179,33,medium
1180,299,high
1181,173,high
1182,109,medium
1183,126,medium
1184,53,medium
1185,175,high
1186,13,low
1187,24,medium
1188,14,low
1189,19,low
1190,85,medium
1191,25,medium
1192,71,medium
1193,301,high
1194,59,medium
1195,82,medium
1196,18,low
1197,60,medium
1198,107,medium
1199,14,low
1200,35,medium
1201,296,high
1202,455,high
1203,66,medium
1204,55,medium
1205,78,medium
1206,94,medium
1207,38,medium
1208,104,medium
1209,25,medium
1210,257,high
1211,43,medium
1212,16,low
1213,13,low
1214,80,medium
1215,127,medium
1216,42,medium
1217,129,medium
1218,121,medium
1219,96,medium
1220,156,high
1221,24,medium
1222,101,medium
1223,424,high
1224,18,low
1225,6,low
1226,103,medium
1227,168,high
1228,20,low
1229,195,high
1230,75,medium
1231,115,medium
1232,38,medium
1233,20,low
1234,27,medium
1235,8,low
1236,17,low
1237,26,medium
1238,63,medium
1239,9,low
1240,166,high
1241,355,high
1242,211,high
1243,257,high
1244,30,medium
1245,332,high
1246,22,medium
1247,51,medium
1248,16,low
1249,12,low
1250,25,medium
1251,96,medium
1252,42,medium
1253,82,medium
1254,155,high
1255,26,medium
1256,21,low
1257,33,medium
1258,40,medium
1259,354,high
1260,125,medium
1261,78,medium
1262,122,medium
1263,393,high
1264,156,high
1265,368,high
1266,91,medium
1267,161,high
1268,22,medium
1269,10,low
1270,144,high
1271,162,high
1272,252,high
1273,398,high
1274,25,medium
1275,61,medium
1276,17,low
1277,47,medium
1278,96,medium
1279,30,medium
1280,68,medium
1281,13,low
1282,20,low
1283,250,high
1284,798,high
1285,35,medium
1286,64,medium
1287,86,medium
1288,29,medium
1289,44,medium
1290,180,high
1291,23,medium
1292,32,medium
1293,179,high
1294,18,low
1295,34,medium
1296,259,high
1297,465,high
1298,153,high
1299,98,medium
1300,194,high
1301,53,medium
1302,327,high
1303,57,medium
1304,18,low
1305,365,high
1306,18,low
1307,48,medium
1308,13,low
1309,15,low
1310,99,medium
1311,71,medium
1312,17,low
1313,86,medium
1314,83,medium
1315,14,low
1316,522,high
1317,6,low
1318,10,low
1319,82,medium
1320,76,medium
1321,290,high
1322,94,medium
1323,76,medium
1324,221,high
1325,23,medium
1326,40,medium
1327,67,medium
1328,188,high
1329,37,medium
1330,124,medium
1331,15,low
1332,341,high
1333,41,medium
1334,120,medium
1335,16,low
1336,36,medium
1337,106,medium
1338,88,medium
1339,145,high
1340,27,medium
1341,30,medium
1342,237,high
1343,48,medium
1344,120,medium
1345,11,low
1346,103,medium
1347,98,medium
1348,38,medium
1349,69,medium
1350,16,low
1351,86,medium
1352,22,medium
1353,318,high
1354,44,medium
1355,136,medium
1356,55,medium
1357,88,medium
1358,53,medium
1359,56,medium
1360,105,medium
1361,109,medium
1362,17,low
1363,40,medium
1364,36,medium
1365,78,medium
1366,136,medium
1367,29,medium
1368,270,high
1369,61,medium
1370,34,medium
1371,19,low
1372,51,medium
1373,68,medium
1374,43,medium
1375,68,medium
1376,108,medium
1377,51,medium
1378,12,low
1379,103,medium
1380,31,medium
1381,28,medium
1382,389,high
1383,11,low
1384,10,low
1385,62,medium
1386,131,medium
1387,37,medium
1388,272,high
1389,222,high
1390,95,medium
1391,123,medium
1392,85,medium
1393,10,low
1394,207,high
1395,122,medium
1396,28,medium
1397,20,low
1398,200,high
1399,44,medium
1400,42,medium
1401,37,medium
1402,42,medium
1403,91,medium
1404,32,medium
1405,13,low
1406,133,medium
1407,56,medium
1408,70,medium
1409,60,medium
1410,35,medium
1411,10,low
1412,122,medium
1413,45,medium
1414,105,medium
1415,11,low
1416,14,low
1417,88,medium
1418,11,low
1419,160,high
1420,124,medium
1421,185,high
1422,59,medium
1423,19,low
1424,471,high
1425,193,high
1426,89,medium
1427,40,medium
1428,8,low
1429,93,medium
1430,9,low
1431,16,low
1432,36,medium
1433,74,medium
1434,18,low
1435,48,medium
1436,143,high
1437,18,low
1438,18,low
1439,60,medium
1440,53,medium
1441,73,medium
1442,28,medium
1443,18,low
1444,13,low
1445,82,medium
1446,446,high
1447,679,high
1448,350,high
1449,36,medium
1450,534,high
1451,14,low
1452,11,low
1453,11,low
1454,35,medium
1455,14,low
1456,225,high
1457,74,medium
1458,14,low
1459,11,low
1460,26,medium
1461,17,low
1462,61,medium
1463,69,medium
1464,404,high
1465,147,high
1466,42,medium
1467,54,medium
1468,23,medium
1469,197,high
1470,18,low
1471,117,medium
1472,71,medium
1473,82,medium
1474,50,medium
1475,44,medium
1476,23,medium
1477,22,medium
1478,20,low
1479,17,low
1480,90,medium
1481,22,medium
1482,105,medium
1483,188,high
1484,13,low
1485,22,medium
1486,15,low
1487,14,low
1488,104,medium
1489,148,high
1490,115,medium
1491,57,medium
1492,12,low
1493,65,medium
1494,44,medium
1495,158,high
1496,135,medium
1497,88,medium
1498,93,medium
1499,78,medium
1500,387,high
1501,147,high
1502,144,high
1503,19,low
1504,204,high
1505,70,medium
1506,83,medium
1507,10,low
1508,104,medium
1509,16,low
1510,70,medium
1511,13,low
1512,115,medium
1513,80,medium
1514,16,low
1515,113,medium
1516,32,medium
1517,22,medium
1518,47,medium
1519,15,low
1520,32,medium
1521,39,medium
1522,56,medium
1523,168,high
1524,58,medium
1525,25,medium
1526,39,medium
1527,49,medium
1528,17,low
1529,291,high
1530,17,low
1531,93,medium
1532,48,medium
1533,13,low
1534,19,low
1535,30,medium
1536,24,medium
1537,68,medium
1538,23,medium
1539,88,medium
1540,19,low
1541,183,high
1542,84,medium
1543,105,medium
1544,63,medium
1545,227,high
1546,97,medium
1547,28,medium
1548,11,low
1549,18,low
1550,120,medium
1551,163,high
1552,24,medium
1553,17,low
1554,66,medium
1555,136,medium
1556,41,medium
1557,18,low
1558,28,medium
1559,93,medium
1560,118,medium
1561,9,low
1562,54,medium
1563,41,medium
1564,33,medium
1565,14,low
1566,66,medium
1567,20,low
1568,84,medium
1569,33,medium
1570,113,medium
1571,17,low
1572,16,low
1573,27,medium
1574,33,medium
1575,31,medium
1576,97,medium
1577,22,medium
1578,412,high
1579,17,low
1580,16,low
1581,10,low
1582,30,medium
1583,217,high
1584,68,medium
1585,353,high
1586,262,high
1587,34,medium
1588,58,medium
1589,26,medium
1590,257,high
1591,167,high
1592,66,medium
1593,87,medium
1594,103,medium
1595,11,low
1596,128,medium
1597,96,medium
1598,242,high
1599,205,high
1600,138,medium
1601,94,medium
1602,38,medium
1603,19,low
1604,414,high
1605,116,medium
1606,97,medium
1607,17,low
1608,168,high
1609,16,low
1610,322,high
1611,11,low
1612,431,high
1613,27,medium
1614,4,low
1615,104,medium
1616,96,medium
1617,71,medium
1618,22,medium
1619,24,medium
1620,4,low
1621,13,low
1622,56,medium
1623,141,medium
1624,18,low
1625,150,high
1626,19,low
1627,290,high
1628,33,medium
1629,14,low
1630,167,high
1631,177,high
1632,6,low
1633,55,medium
1634,504,high
1635,56,medium
1636,62,medium
1637,31,medium
1638,365,high
1639,26,medium
1640,72,medium
1641,37,medium
1642,194,high
1643,18,low
1644,394,high
1645,25,medium
1646,378,high
1647,77,medium
1648,34,medium
1649,112,medium
1650,10,low
1651,9,low
1652,16,low
1653,36,medium
1654,112,medium
1655,10,low
1656,28,medium
1657,224,high
1658,19,low
1659,42,medium
1660,23,medium
1661,14,low
1662,33,medium
1663,8,low
1664,37,medium
1665,168,high
1666,241,high
1667,20,low
1668,18,low
1669,50,medium
1670,446,high
1671,24,medium
1672,68,medium
1673,12,low
1674,245,high
1675,441,high
1676,27,medium
1677,57,medium
1678,55,medium
1679,1106,high
1680,97,medium
1681,22,medium
1682,101,medium
1683,45,medium
1684,238,high
1685,15,low
1686,221,high
1687,75,medium
1688,72,medium
1689,79,medium
1690,24,medium
1691,190,high
1692,197,high
1693,254,high
1694,118,medium
1695,185,high
1696,284,high
1697,691,high
1698,300,high
1699,22,medium
1700,321,high
1701,72,medium
1702,17,low
1703,25,medium
1704,47,medium
1705,138,medium
1706,75,medium
1707,11,low
1708,121,medium
1709,46,medium
1710,13,low
1711,267,high
1712,8,low
1713,135,medium
1714,21,low
1715,106,medium
1716,284,high
1717,27,medium
1718,5,low
1719,37,medium
1720,21,low
1721,172,high
1722,82,medium
1723,125,medium
1724,21,low
1725,87,medium
1726,421,high
1727,35,medium
1728,17,low
1729,11,low
1730,30,medium
1731,28,medium
1732,428,high
1733,64,medium
1734,24,medium
1735,81,medium
1736,393,high
1737,40,medium
1738,47,medium
1739,44,medium
1740,482,high
1741,27,medium
1742,64,medium
1743,106,medium
1744,47,medium
1745,256,high
1746,9,low
1747,289,high
1748,135,medium
1749,30,medium
1750,18,low
1751,295,high
1752,188,high
1753,12,low
1754,206,high
1755,25,medium
1756,249,high
1757,327,high
1758,152,high
1759,46,medium
1760,17,low
1761,47,medium
1762,14,low
1763,504,high
1764,71,medium
1765,9,low
1766,177,high
1767,65,medium
1768,22,medium
1769,28,medium
1770,17,low
1771,16,low
1772,38,medium
1773,16,low
1774,102,medium
1775,162,high
1776,35,medium
1777,301,high
1778,70,medium
1779,123,medium
1780,52,medium
1781,21,low
1782,11,low
1783,19,low
1784,20,low
1785,39,medium
1786,9,low
1787,20,low
1788,46,medium
1789,237,high
1790,76,medium
1791,25,medium
1792,164,high
1793,87,medium
1794,19,low
1795,134,medium
1796,140,medium
1797,32,medium
1798,47,medium
1799,142,medium
1800,14,low
1801,156,high
1802,151,high
1803,56,medium
1804,133,medium
1805,183,high
1806,116,medium
1807,16,low
1808,23,medium
1809,23,medium
1810,22,medium
1811,461,high
1812,10,low
1813,24,medium
1814,27,medium
1815,48,medium
1816,49,medium
1817,26,medium
1818,71,medium
1819,192,high
1820,17,low
1821,45,medium
1822,16,low
1823,77,medium
1824,74,medium
1825,26,medium
1826,27,medium
1827,59,medium
1828,12,low
1829,19,low
1830,62,medium
1831,31,medium
1832,45,medium
1833,52,medium
1834,587,high
1835,328,high
1836,411,high
1837,6,low
1838,62,medium
1839,17,low
1840,71,medium
1841,384,high
1842,69,medium
1843,10,low
1844,78,medium
1845,46,medium
1846,33,medium
1847,11,low
1848,12,low
1849,47,medium
1850,85,medium
1851,30,medium
1852,117,medium
1853,51,medium
1854,31,medium
1855,123,medium
1856,31,medium
1857,65,medium
1858,25,medium
1859,126,medium
1860,203,high
1861,29,medium
1862,92,medium
1863,9,low
1864,176,high
1865,109,medium
1866,16,low
1867,29,medium
1868,31,medium
1869,91,medium
1870,62,medium
1871,20,low
1872,104,medium
1873,39,medium
1874,212,high
1875,16,low
1876,48,medium
1877,51,medium
1878,184,high
1879,447,high
1880,45,medium
1881,162,high
1882,179,high
1883,512,high
1884,42,medium
1885,16,low
1886,57,medium
1887,18,low
1888,267,high
1889,110,medium
1890,144,high
1891,17,low
1892,15,low
1893,153,high
1894,74,medium
1895,161,high
1896,400,high
1897,17,low
1898,519,high
1899,24,medium
1900,121,medium
1901,155,high
1902,153,high
1903,151,high
1904,34,medium
1905,14,low
1906,16,low
1907,76,medium
1908,30,medium
1909,32,medium
1910,14,low
1911,157,high
1912,34,medium
1913,12,low
1914,18,low
1915,266,high
1916,64,medium
1917,8,low
1918,28,medium
1919,300,high
1920,34,medium
1921,206,high
1922,29,medium
1923,37,medium
1924,178,high
1925,479,high
1926,14,low
1927,133,medium
1928,13,low
1929,121,medium
1930,47,medium
1931,48,medium
1932,12,low
1933,19,low
1934,29,medium
1935,15,low
1936,118,medium
1937,60,medium
1938,137,medium
1939,60,medium
1940,586,high
1941,18,low
1942,422,high
1943,46,medium
1944,9,low
1945,54,medium
1946,107,medium
1947,75,medium
1948,79,medium
1949,67,medium
1950,45,medium
1951,126,medium
1952,22,medium
1953,113,medium
1954,22,medium
1955,27,medium
1956,30,medium
1957,332,high
1958,51,medium
1959,145,high
1960,48,medium
1961,125,medium
1962,62,medium
1963,11,low
1964,21,low
1965,34,medium
1966,13,low
1967,121,medium
1968,339,high
1969,26,medium
1970,25,medium
1971,69,medium
1972,23,medium
1973,341,high
1974,32,medium
1975,75,medium
1976,36,medium
1977,87,medium
1978,9,low
1979,650,high
1980,24,medium
1981,76,medium
1982,424,high
1983,167,high
1984,77,medium
1985,18,low
1986,24,medium
1987,343,high
1988,14,low
1989,21,low
1990,17,low
1991,25,medium
1992,11,low
1993,18,low
1994,60,medium
1995,131,medium
1996,30,medium
1997,253,high
1998,57,medium
1999,65,medium
2000,27,medium
2001,128,medium
2002,52,medium
2003,63,medium
2004,32,medium
2005,21,low
2006,25,medium
2007,123,medium
2008,39,medium
2009,127,medium
2010,168,high
2011,129,medium
2012,48,medium
2013,45,medium
2014,397,high
2015,258,high
2016,82,medium
2017,329,high
2018,16,low
2019,248,high
2020,96,medium
2021,132,medium
2022,194,high
2023,107,medium
2024,73,medium
2025,114,medium
2026,87,medium
2027,16,low
2028,104,medium
2029,429,high
2030,124,medium
2031,39,medium
2032,14,low
2033,29,medium
2034,92,medium
2035,46,medium
2036,10,low
2037,309,high
2038,68,medium
2039,25,medium
2040,309,high
2041,120,medium
2042,14,low
2043,17,low
2044,15,low
2045,45,medium
2046,163,high
2047,24,medium
2048,26,medium
2049,177,high
2050,126,medium
2051,9,low
2052,11,low
2053,157,high
2054,110,medium
2055,182,high
2056,45,medium
2057,45,medium
2058,139,medium
2059,94,medium
2060,16,low
2061,62,medium
2062,391,high
2063,172,high
2064,27,medium
2065,22,medium
2066,94,medium
2067,83,medium
2068,51,medium
2069,85,medium
2070,115,medium
2071,139,medium
2072,436,high
2073,17,low
2074,20,low
2075,44,medium
2076,312,high
2077,60,medium
2078,50,medium
2079,26,medium
2080,15,low
2081,57,medium
2082,30,medium
2083,122,medium
2084,155,high
2085,16,low
2086,31,medium
2087,296,high
2088,73,medium
2089,146,high
2090,114,medium
2091,385,high
2092,33,medium
2093,52,medium
2094,34,medium
2095,96,medium
2096,74,medium
2097,171,high
2098,17,low
2099,191,high
2100,50,medium
2101,136,medium
2102,67,medium
2103,18,low
2104,203,high
2105,153,high
2106,18,low
2107,16,low
2108,217,high
2109,97,medium
2110,10,low
2111,23,medium
2112,33,medium
2113,82,medium
2114,40,medium
2115,537,high
2116,39,medium
2117,78,medium
2118,94,medium
2119,78,medium
2120,113,medium
2121,113,medium
2122,25,medium
2123,500,high
2124,157,high
2125,22,medium
2126,66,medium
2127,11,low
2128,155,high
2129,30,medium
2130,167,high
2131,11,low
2132,6,low
2133,31,medium
2134,15,low
2135,112,medium
2136,55,medium
2137,38,medium
2138,42,medium
2139,141,medium
2140,17,low
2141,39,medium
2142,47,medium
2143,37,medium
2144,162,high
2145,50,medium
2146,53,medium
2147,187,high
2148,31,medium
2149,20,low
2150,17,low
2151,13,low
2152,224,high
2153,27,medium
2154,65,medium
2155,155,high
2156,83,medium
2157,82,medium
2158,26,medium
2159,11,low
2160,66,medium
2161,127,medium
2162,73,medium
2163,294,high
2164,175,high
2165,127,medium
2166,55,medium
2167,246,high
2168,24,medium
2169,99,medium
2170,87,medium
2171,141,medium
2172,204,high
2173,95,medium
2174,124,medium
2175,142,medium
2176,120,medium
2177,145,high
2178,58,medium
2179,127,medium
2180,464,high
2181,13,low
2182,20,low
2183,25,medium
2184,257,high
2185,140,medium
2186,86,medium
2187,129,medium
2188,17,low
2189,95,medium
2190,16,low
2191,78,medium
2192,17,low
2193,33,medium
2194,151,high
2195,25,medium
2196,43,medium
2197,37,medium
2198,50,medium
2199,25,medium
2200,52,medium
2201,37,medium
2202,387,high
2203,18,low
2204,114,medium
2205,95,medium
2206,15,low
2207,148,high
2208,9,low
2209,12,low
2210,223,high
2211,40,medium
2212,21,low
2213,63,medium
2214,77,medium
2215,17,low
2216,15,low
2217,23,medium
2218,121,medium
2219,20,low
2220,99,medium
2221,120,medium
2222,175,high
2223,31,medium
2224,172,high
2225,28,medium
2226,34,medium
2227,43,medium
2228,17,low
2229,89,medium
2230,220,high
2231,232,high
2232,92,medium
2233,12,low
2234,92,medium
2235,60,medium
2236,319,high
2237,51,medium
2238,90,medium
2239,80,medium
2240,110,medium
2241,208,high
2242,56,medium
2243,253,high
2244,15,low
2245,98,medium
2246,190,high
2247,66,medium
2248,46,medium
2249,31,medium
2250,265,high
2251,9,low
2252,21,low
2253,62,medium
2254,118,medium
2255,44,medium
2256,17,low
2257,188,high
2258,208,high
2259,13,low
2260,112,medium
2261,81,medium
2262,149,high
2263,187,high
2264,120,medium
2265,73,medium
2266,29,medium
2267,21,low
2268,10,low
2269,56,medium
2270,267,high
2271,88,medium
2272,44,medium
2273,24,medium
2274,23,medium
2275,90,medium
2276,10,low
2277,33,medium
2278,236,high
2279,68,medium
2280,54,medium
2281,138,medium
2282,27,medium
2283,33,medium
2284,25,medium
2285,24,medium
2286,21,low
2287,209,high
2288,24,medium
2289,61,medium
2290,31,medium
2291,7,low
2292,240,high
2293,51,medium
2294,20,low
2295,12,low
2296,28,medium
2297,53,medium
2298,24,medium
2299,37,medium
2300,31,medium
2301,104,medium
2302,274,high
2303,561,high
2304,32,medium
2305,42,medium
2306,129,medium
2307,55,medium
2308,88,medium
2309,71,medium
2310,14,low
2311,15,low
2312,33,medium
2313,16,low
2314,10,low
2315,106,medium
2316,48,medium
2317,18,low
2318,42,medium
2319,44,medium
2320,67,medium
2321,46,medium
2322,154,high
2323,68,medium
2324,9,low
2325,32,medium
2326,22,medium
2327,13,low
2328,15,low
2329,42,medium
2330,57,medium
2331,33,medium
2332,34,medium
2333,231,high
2334,64,medium
2335,14,low
2336,42,medium
2337,129,medium
2338,21,low
2339,344,high
2340,24,medium
2341,47,medium
2342,29,medium
2343,94,medium
2344,12,low
2345,39,medium
2346,13,low
2347,74,medium
2348,44,medium
2349,88,medium
2350,75,medium
2351,24,medium
2352,106,medium
2353,36,medium
2354,75,medium
2355,13,low
2356,20,low
2357,25,medium
2358,31,medium
2359,22,medium
2360,22,medium
2361,27,medium
2362,27,medium
2363,19,low
2364,40,medium
2365,16,low
2366,31,medium
2367,196,high
2368,25,medium
2369,60,medium
2370,46,medium
2371,59,medium
2372,14,low
2373,132,medium
2374,17,low
2375,236,high
2376,28,medium
2377,104,medium
2378,18,low
2379,197,high
2380,6,low
2381,33,medium
2382,291,high
2383,23,medium
2384,10,low
2385,38,medium
2386,37,medium
2387,17,low
2388,208,high
2389,59,medium
2390,39,medium
2391,31,medium
2392,104,medium
2393,51,medium
2394,137,medium
2395,23,medium
2396,46,medium
2397,82,medium
2398,12,low
2399,23,medium
2400,43,medium
2401,225,high
2402,88,medium
2403,63,medium
2404,38,medium
2405,69,medium
2406,119,medium
2407,45,medium
2408,96,medium
2409,65,medium
2410,177,high
2411,15,low
2412,11,low
2413,183,high
2414,19,low
2415,26,medium
2416,26,medium
2417,15,low
2418,251,high
2419,36,medium
2420,39,medium
2421,15,low
2422,55,medium
2423,62,medium
2424,30,medium
2425,27,medium
2426,78,medium
2427,59,medium
2428,86,medium
2429,21,low
2430,14,low
2431,24,medium
2432,23,medium
2433,13,low
2434,71,medium
2435,251,high
2436,22,medium
2437,115,medium
2438,25,medium
2439,9,low
2440,17,low
2441,17,low
2442,10,low
2443,56,medium
2444,123,medium
2445,293,high
2446,46,medium
2447,47,medium
2448,17,low
2449,11,low
2450,51,medium
2451,38,medium
2452,345,high
2453,138,medium
2454,48,medium
2455,132,medium
2456,176,high
2457,90,medium
2458,81,medium
2459,38,medium
2460,66,medium
2461,138,medium
2462,46,medium
2463,22,medium
2464,206,high
2465,77,medium
2466,16,low
2467,108,medium
2468,29,medium
2469,9,low
2470,13,low
2471,148,high
2472,24,medium
2473,25,medium
2474,24,medium
2475,46,medium
2476,53,medium
2477,144,high
2478,20,low
2479,26,medium
2480,97,medium
2481,17,low
2482,47,medium
2483,247,high
2484,133,medium
2485,97,medium
2486,22,medium
2487,15,low
2488,174,high
2489,10,low
2490,60,medium
2491,48,medium
2492,39,medium
2493,10,low
2494,18,low
2495,154,high
2496,107,medium
2497,68,medium
2498,22,medium
2499,86,medium
2500,55,medium
2501,12,low
2502,77,medium
2503,155,high
2504,25,medium
2505,128,medium
2506,602,high
2507,31,medium
2508,17,low
2509,34,medium
2510,22,medium
2511,20,low
2512,49,medium
2513,25,medium
2514,40,medium
2515,13,low
2516,19,low
2517,29,medium
2518,34,medium
2519,37,medium
2520,35,medium
2521,45,medium
2522,92,medium
2523,15,low
2524,28,medium
2525,178,high
2526,12,low
2527,20,low
2528,480,high
2529,10,low
2530,18,low
2531,19,low
2532,92,medium
2533,19,low
2534,43,medium
2535,14,low
2536,206,high
2537,16,low
2538,28,medium
2539,165,high
2540,116,medium
2541,15,low
2542,22,medium
2543,443,high
2544,40,medium
2545,59,medium
2546,106,medium
2547,28,medium
2548,8,low
2549,53,medium
2550,34,medium
2551,50,medium
2552,17,low
2553,27,medium
2554,90,medium
2555,26,medium
2556,40,medium
2557,30,medium
2558,132,medium
2559,30,medium
2560,46,medium
2561,116,medium
2562,7,low
2563,79,medium
2564,204,high
2565,124,medium
2566,167,high
2567,15,low
2568,17,low
2569,47,medium
2570,49,medium
2571,128,medium
2572,71,medium
2573,29,medium
2574,104,medium
2575,108,medium
2576,16,low
2577,28,medium
2578,54,medium
2579,45,medium
2580,297,high
2581,14,low
2582,278,high
2583,12,low
2584,77,medium
2585,35,medium
2586,18,low
2587,27,medium
2588,121,medium
2589,143,high
2590,29,medium
2591,247,high
2592,122,medium
2593,40,medium
2594,72,medium
2595,24,medium
2596,50,medium
2597,13,low
2598,127,medium
2599,35,medium
2600,17,low
2601,10,low
2602,29,medium
2603,48,medium
2604,138,medium
2605,42,medium
2606,44,medium
2607,153,high
2608,170,high
2609,15,low
2610,236,high
2611,11,low
2612,15,low
2613,21,low
2614,30,medium
2615,28,medium
2616,43,medium
2617,11,low
2618,75,medium
2619,73,medium
2620,98,medium
2621,25,medium
2622,38,medium
2623,248,high
2624,52,medium
2625,14,low
2626,197,high
2627,100,medium
2628,214,high
2629,28,medium
2630,75,medium
2631,19,low
2632,22,medium
2633,201,high
2634,30,medium
2635,45,medium
2636,29,medium
2637,160,high
2638,20,low
2639,14,low
2640,257,high
2641,51,medium
2642,205,high
2643,14,low
2644,140,medium
2645,16,low
2646,19,low
2647,70,medium
2648,75,medium
2649,29,medium
2650,49,medium
2651,27,medium
2652,16,low
2653,75,medium
2654,26,medium
2655,106,medium
2656,16,low
2657,19,low
2658,125,medium
2659,28,medium
2660,57,medium
2661,25,medium
2662,99,medium
2663,194,high
2664,389,high
2665,59,medium
2666,14,low
2667,105,medium
2668,71,medium
2669,134,medium
2670,7,low
2671,31,medium
2672,12,low
2673,99,medium
2674,18,low
2675,198,high
2676,20,low
2677,24,medium
2678,211,high
2679,89,medium
2680,131,medium
2681,34,medium
2682,225,high
2683,120,medium
2684,105,medium
2685,4,low
2686,16,low
2687,72,medium
2688,85,medium
2689,18,low
2690,213,high
2691,86,medium
2692,91,medium
2693,60,medium
2694,46,medium
2695,10,low
2696,26,medium
2697,30,medium
2698,74,medium
2699,147,high
2700,58,medium
2701,8,low
2702,50,medium
2703,38,medium
2704,14,low
2705,18,low
2706,11,low
2707,12,low
2708,9,low
2709,11,low
2710,7,low
2711,52,medium
2712,6,low
2713,8,low
2714,40,medium
2715,13,low
2716,12,low
2717,79,medium
2718,94,medium
2719,14,low
2720,23,medium
2721,10,low
2722,40,medium
2723,135,medium
2724,19,low
2725,76,medium
2726,36,medium
2727,29,medium
2728,20,low
2729,115,medium
2730,237,high
2731,36,medium
2732,91,medium
2733,85,medium
2734,11,low
2735,64,medium
2736,213,high
2737,95,medium
2738,9,low
2739,97,medium
2740,24,medium
2741,34,medium
2742,242,high
2743,8,low
2744,139,medium
2745,37,medium
2746,120,medium
2747,131,medium
2748,59,medium
2749,167,high
2750,85,medium
2751,175,high
2752,349,high
2753,66,medium
2754,17,low
2755,177,high
2756,91,medium
2757,20,low
2758,10,low
2759,48,medium
2760,285,high
2761,33,medium
2762,7,low
2763,301,high
2764,114,medium
2765,75,medium
2766,11,low
2767,60,medium
2768,96,medium
2769,35,medium
2770,92,medium
2771,102,medium
2772,59,medium
2773,188,high
2774,22,medium
2775,228,high
2776,447,high
2777,93,medium
2778,128,medium
2779,23,medium
2780,249,high
2781,33,medium
2782,33,medium
2783,116,medium
2784,35,medium
2785,225,high
2786,98,medium
2787,115,medium
2788,61,medium
2789,99,medium
2790,44,medium
2791,60,medium
2792,606,high
2793,100,medium
2794,51,medium
2795,77,medium
2796,17,low
2797,59,medium
2798,15,low
2799,47,medium
2800,37,medium
2801,44,medium
2802,80,medium
2803,123,medium
2804,60,medium
2805,30,medium
2806,165,high
2807,116,medium
2808,95,medium
2809,203,high
2810,43,medium
2811,69,medium
2812,7,low
2813,122,medium
2814,29,medium
2815,14,low
2816,68,medium
2817,167,high
2818,11,low
2819,259,high
2820,16,low
2821,34,medium
2822,15,low
2823,177,high
2824,158,high
2825,154,high
2826,11,low
2827,39,medium
2828,12,low
2829,37,medium
2830,29,medium
2831,113,medium
2832,26,medium
2833,17,low
2834,23,medium
2835,6,low
2836,101,medium
2837,32,medium
2838,15,low
2839,107,medium
2840,342,high
2841,51,medium
2842,11,low
2843,50,medium
2844,39,medium
2845,46,medium
2846,119,medium
2847,110,medium
2848,146,high
2849,12,low
2850,15,low
2851,106,medium
2852,49,medium
2853,179,high
2854,26,medium
2855,29,medium
2856,246,high
2857,52,medium
2858,109,medium
2859,377,high
2860,21,low
2861,61,medium
2862,69,medium
2863,21,low
2864,57,medium
2865,97,medium
2866,19,low
2867,115,medium
2868,22,medium
2869,38,medium
2870,13,low
2871,295,high
2872,128,medium
2873,64,medium
2874,27,medium
2875,118,medium
2876,23,medium
2877,402,high
2878,14,low
2879,152,high
2880,55,medium
2881,58,medium
2882,47,medium
2883,14,low
2884,149,high
2885,59,medium
2886,283,high
2887,223,high
2888,144,high
2889,74,medium
2890,20,low
2891,53,medium
2892,10,low
2893,76,medium
2894,332,high
2895,189,high
2896,68,medium
2897,74,medium
2898,325,high
2899,204,high
2900,229,high
2901,11,low
2902,113,medium
2903,32,medium
2904,77,medium
2905,23,medium
2906,309,high
2907,11,low
2908,815,high
2909,80,medium
2910,34,medium
2911,13,low
2912,236,high
2913,59,medium
2914,47,medium
2915,129,medium
2916,35,medium
2917,242,high
2918,99,medium
2919,10,low
2920,50,medium
2921,69,medium
2922,13,low
2923,32,medium
2924,15,low
2925,154,high
2926,37,medium
2927,276,high
2928,254,high
2929,9,low
2930,124,medium
2931,17,low
2932,79,medium
2933,256,high
2934,77,medium
2935,41,medium
2936,57,medium
2937,148,high
2938,94,medium
2939,15,low
2940,205,high
2941,116,medium
2942,107,medium
2943,140,medium
2944,45,medium
2945,78,medium
2946,88,medium
2947,35,medium
2948,27,medium
2949,29,medium
2950,53,medium
2951,130,medium
2952,42,medium
2953,23,medium
2954,87,medium
2955,13,low
2956,56,medium
2957,17,low
2958,54,medium
2959,22,medium
2960,29,medium
2961,149,high
2962,26,medium
2963,43,medium
2964,12,low
2965,151,high
2966,263,high
2967,120,medium
2968,107,medium
2969,39,medium
2970,22,medium
2971,83,medium
2972,26,medium
2973,101,medium
2974,87,medium
2975,77,medium
2976,6,low
2977,116,medium
2978,32,medium
2979,80,medium
2980,23,medium
2981,12,low
2982,45,medium
2983,12,low
2984,106,medium
2985,333,high
2986,30,medium
2987,23,medium
2988,68,medium
2989,186,high
2990,40,medium
2991,18,low
2992,57,medium
2993,140,medium
2994,236,high
2995,173,high
2996,127,medium
2997,30,medium
2998,36,medium
2999,47,medium
3000,228,high
3001,118,medium
3002,57,medium
3003,80,medium
3004,70,medium
3005,38,medium
3006,92,medium
3007,18,low
3008,17,low
3009,50,medium
3010,80,medium
3011,69,medium
3012,253,high
3013,95,medium
3014,21,low
3015,25,medium
3016,160,high
3017,429,high
3018,19,low
3019,132,medium
3020,6,low
3021,40,medium
3022,31,medium
3023,131,medium
3024,104,medium
3025,123,medium
3026,14,low
3027,77,medium
3028,525,high
3029,15,low
3030,360,high
3031,859,high
3032,82,medium
3033,19,low
3034,52,medium
3035,106,medium
3036,53,medium
3037,86,medium
3038,52,medium
3039,11,low
3040,55,medium
3041,46,medium
3042,6,low
3043,213,high
3044,122,medium
3045,37,medium
3046,41,medium
3047,52,medium
3048,67,medium
3049,38,medium
3050,159,high
3051,41,medium
3052,71,medium
3053,267,high
3054,159,high
3055,147,high
3056,74,medium
3057,82,medium
3058,30,medium
3059,19,low
3060,25,medium
3061,33,medium
3062,37,medium
3063,32,medium
3064,183,high
3065,63,medium
3066,503,high
3067,12,low
3068,70,medium
3069,28,medium
3070,8,low
3071,103,medium
3072,48,medium
3073,119,medium
3074,158,high
3075,11,low
3076,50,medium
3077,20,low
3078,60,medium
3079,362,high
3080,291,high
3081,174,high
3082,62,medium
3083,42,medium
3084,97,medium
3085,84,medium
3086,219,high
3087,34,medium
3088,47,medium
3089,37,medium
3090,41,medium
3091,36,medium
3092,116,medium
3093,24,medium
3094,109,medium
3095,160,high
3096,38,medium
3097,45,medium
3098,70,medium
3099,44,medium
3100,229,high
3101,15,low
3102,27,medium
3103,18,low
3104,88,medium
3105,51,medium
3106,34,medium
3107,291,high
3108,27,medium
3109,171,high
3110,54,medium
3111,103,medium
3112,25,medium
3113,52,medium
3114,13,low
3115,46,medium
3116,31,medium
3117,280,high
3118,47,medium
3119,19,low
3120,127,medium
3121,11,low
3122,87,medium
3123,12,low
3124,232,high
3125,45,medium
3126,32,medium
3127,177,high
3128,226,high
3129,34,medium
3130,33,medium
3131,16,low
3132,7,low
3133,66,medium
3134,88,medium
3135,28,medium
3136,27,medium
3137,88,medium
3138,44,medium
3139,236,high
3140,44,medium
3141,71,medium
3142,103,medium
3143,20,low
3144,67,medium
3145,41,medium
3146,103,medium
3147,59,medium
3148,20,low
3149,49,medium
3150,121,medium
3151,7,low
3152,22,medium
3153,109,medium
3154,65,medium
3155,28,medium
3156,80,medium
3157,214,high
3158,195,high
3159,17,low
3160,55,medium
3161,27,medium
3162,637,high
3163,15,low
3164,16,low
3165,25,medium
3166,153,high
3167,12,low
3168,80,medium
3169,51,medium
3170,110,medium
3171,61,medium
3172,70,medium
3173,51,medium
3174,66,medium
3175,9,low
3176,47,medium
3177,52,medium
3178,7,low
3179,143,high
3180,18,low
3181,243,high
3182,42,medium
3183,73,medium
3184,61,medium
3185,22,medium
3186,19,low
3187,14,low
3188,203,high
3189,25,medium
3190,157,high
3191,125,medium
3192,70,medium
3193,20,low
3194,107,medium
3195,121,medium
3196,65,medium
3197,77,medium
3198,51,medium
3199,92,medium
3200,326,high
3201,73,medium
3202,123,medium
3203,39,medium
3204,145,high
3205,55,medium
3206,71,medium
3207,152,high
3208,22,medium
3209,130,medium
3210,72,medium
3211,8,low
3212,90,medium
3213,27,medium
3214,18,low
3215,157,high
3216,242,high
3217,25,medium
3218,85,medium
3219,47,medium
3220,32,medium
3221,10,low
3222,37,medium
3223,790,high
3224,10,low
3225,105,medium
3226,198,high
3227,102,medium
3228,109,medium
3229,93,medium
3230,124,medium
3231,22,medium
3232,126,medium
3233,12,low
3234,28,medium
3235,4,low
3236,52,medium
3237,27,medium
3238,40,medium
3239,74,medium
3240,32,medium
3241,125,medium
3242,153,high
3243,19,low
3244,15,low
3245,115,medium
3246,17,low
3247,44,medium
3248,41,medium
3249,47,medium
3250,45,medium
3251,6,low
3252,124,medium
3253,12,low
3254,25,medium
3255,40,medium
3256,61,medium
3257,25,medium
3258,318,high
3259,151,high
3260,239,high
3261,48,medium
3262,76,medium
3263,5,low
3264,137,medium
3265,125,medium
3266,62,medium
3267,43,medium
3268,57,medium
3269,72,medium
3270,215,high
3271,577,high
3272,13,low
3273,74,medium
3274,9,low
3275,9,low
3276,110,medium
3277,27,medium
3278,16,low
3279,187,high
3280,144,high
3281,20,low
3282,141,medium
3283,31,medium
3284,319,high
3285,22,medium
3286,22,medium
3287,11,low
3288,49,medium
3289,48,medium
3290,10,low
3291,705,high
3292,16,low
3293,72,medium
3294,51,medium
3295,61,medium
3296,45,medium
3297,26,medium
3298,232,high
3299,253,high
3300,191,high
3301,37,medium
3302,21,low
3303,129,medium
3304,83,medium
3305,44,medium
3306,14,low
3307,294,high
3308,161,high
3309,48,medium
3310,258,high
3311,227,high
3312,282,high
3313,243,high
3314,141,medium
3315,29,medium
3316,77,medium
3317,60,medium
3318,49,medium
3319,252,high
3320,65,medium
3321,38,medium
3322,82,medium
3323,18,low
3324,6,low
3325,28,medium
3326,205,high
3327,152,high
3328,66,medium
3329,14,low
3330,80,medium
3331,39,medium
3332,107,medium
3333,64,medium
3334,19,low
3335,145,high
3336,50,medium
3337,26,medium
3338,62,medium
3339,86,medium
3340,101,medium
3341,19,low
3342,34,medium
3343,47,medium
3344,77,medium
3345,148,high
3346,39,medium
3347,38,medium
3348,79,medium
3349,35,medium
3350,20,low
3351,48,medium
3352,168,high
3353,6,low
3354,23,medium
3355,213,high
3356,54,medium
3357,164,high
3358,52,medium
3359,28,medium
3360,104,medium
3361,39,medium
3362,131,medium
3363,65,medium
3364,249,high
3365,16,low
3366,307,high
3367,55,medium
3368,21,low
3369,98,medium
3370,245,high
3371,26,medium
3372,14,low
3373,73,medium
3374,16,low
3375,8,low
3376,130,medium
3377,140,medium
3378,22,medium
3379,250,high
3380,13,low
3381,25,medium
3382,29,medium
3383,67,medium
3384,11,low
3385,90,medium
3386,61,medium
3387,10,low
3388,146,high
3389,179,high
3390,753,high
3391,13,low
3392,144,high
3393,232,high
3394,34,medium
3395,13,low
3396,20,low
3397,27,medium
3398,82,medium
3399,165,high
3400,303,high
3401,224,high
3402,164,high
3403,14,low
3404,30,medium
3405,25,medium
3406,7,low
3407,74,medium
3408,32,medium
3409,324,high
3410,106,medium
3411,243,high
3412,100,medium
3413,236,high
3414,134,medium
3415,269,high
3416,64,medium
3417,129,medium
3418,92,medium
3419,189,high
3420,19,low
3421,105,medium
3422,230,high
3423,59,medium
3424,275,high
3425,82,medium
3426,24,medium
3427,134,medium
3428,20,low
3429,212,high
3430,41,medium
3431,39,medium
3432,37,medium
3433,100,medium
3434,82,medium
3435,130,medium
3436,46,medium
3437,40,medium
3438,65,medium
3439,21,low
3440,110,medium
3441,87,medium
3442,14,low
3443,45,medium
3444,101,medium
3445,31,medium
3446,55,medium
3447,15,low
3448,53,medium
3449,107,medium
3450,42,medium
3451,76,medium
3452,124,medium
3453,174,high
3454,16,low
3455,42,medium
3456,78,medium
3457,115,medium
3458,16,low
3459,65,medium
3460,34,medium
3461,254,high
3462,23,medium
3463,215,high
3464,39,medium
3465,30,medium
3466,41,medium
3467,49,medium
3468,318,high
3469,47,medium
3470,246,high
3471,33,medium
3472,113,medium
3473,176,high
3474,235,high
3475,258,high
3476,101,medium
3477,32,medium
3478,47,medium
3479,29,medium
3480,104,medium
3481,53,medium
3482,445,high
3483,73,medium
3484,35,medium
3485,72,medium
3486,163,high
3487,3,low
3488,34,medium
3489,174,high
3490,506,high
3491,44,medium
3492,82,medium
3493,20,low
3494,7,low
3495,14,low
3496,75,medium
3497,74,medium
3498,258,high
3499,34,medium
3500,167,high
3501,29,medium
3502,366,high
3503,123,medium
3504,59,medium
3505,54,medium
3506,450,high
3507,18,low
3508,141,medium
3509,38,medium
3510,148,high
3511,234,high
3512,163,high
3513,52,medium
3514,57,medium
3515,75,medium
3516,85,medium
3517,329,high
3518,197,high
3519,184,high
3520,249,high
3521,42,medium
3522,23,medium
3523,82,medium
3524,47,medium
3525,323,high
3526,24,medium
3527,21,low
3528,50,medium
3529,10,low
3530,64,medium
3531,80,medium
3532,51,medium
3533,45,medium
3534,20,low
3535,109,medium
3536,17,low
3537,107,medium
3538,817,high
3539,165,high
3540,26,medium
3541,7,low
3542,55,medium
3543,21,low
3544,15,low
3545,184,high
3546,195,high
3547,4,low
3548,25,medium
3549,184,high
3550,60,medium
3551,6,low
3552,35,medium
3553,17,low
3554,42,medium
3555,79,medium
3556,276,high
3557,242,high
3558,64,medium
3559,123,medium
3560,198,high
3561,316,high
3562,142,medium
3563,57,medium
3564,50,medium
3565,20,low
3566,47,medium
3567,67,medium
3568,139,medium
3569,6,low
3570,55,medium
3571,83,medium
3572,13,low
3573,103,medium
3574,16,low
3575,189,high
3576,44,medium
3577,132,medium
3578,99,medium
3579,54,medium
3580,12,low
3581,55,medium
3582,20,low
3583,25,medium
3584,158,high
3585,89,medium
3586,37,medium
3587,163,high
3588,206,high
3589,380,high
3590,125,medium
3591,316,high
3592,28,medium
3593,72,medium
3594,22,medium
3595,120,medium
3596,57,medium
3597,86,medium
3598,252,high
3599,129,medium
3600,52,medium
3601,85,medium
3602,24,medium
3603,82,medium
3604,25,medium
3605,138,medium
3606,60,medium
3607,51,medium
3608,189,high
3609,147,high
3610,137,medium
3611,43,medium
3612,67,medium
3613,100,medium
3614,12,low
3615,30,medium
3616,199,high
3617,63,medium
3618,135,medium
3619,160,high
3620,104,medium
3621,12,low
3622,271,high
3623,90,medium
3624,468,high
3625,18,low
3626,16,low
3627,45,medium
3628,80,medium
3629,31,medium
3630,13,low
3631,12,low
3632,7,low
3633,129,medium
3634,12,low
3635,22,medium
3636,58,medium
3637,19,low
3638,55,medium
3639,294,high
3640,3,low
3641,100,medium
3642,27,medium
3643,48,medium
3644,66,medium
3645,21,low
3646,220,high
3647,41,medium
3648,443,high
3649,187,high
3650,152,high
3651,88,medium
3652,134,medium
3653,17,low
3654,20,low
3655,26,medium
3656,190,high
3657,76,medium
3658,37,medium
3659,88,medium
3660,41,medium
3661,45,medium
3662,43,medium
3663,146,high
3664,31,medium
3665,35,medium
3666,29,medium
3667,178,high
3668,37,medium
3669,84,medium
3670,106,medium
3671,145,high
3672,57,medium
3673,443,high
3674,56,medium
3675,91,medium
3676,56,medium
3677,259,high
3678,36,medium
3679,438,high
3680,80,medium
3681,241,high
3682,114,medium
3683,232,high
3684,62,medium
3685,85,medium
3686,270,high
3687,48,medium
3688,98,medium
3689,186,high
3690,51,medium
3691,300,high
3692,37,medium
3693,236,high
3694,110,medium
3695,93,medium
3696,46,medium
3697,55,medium
3698,48,medium
3699,48,medium
3700,28,medium
3701,26,medium
3702,183,high
3703,533,high
3704,59,medium
3705,32,medium
3706,23,medium
3707,153,high
3708,46,medium
3709,66,medium
3710,70,medium
3711,262,high
3712,20,low
3713,201,high
3714,251,high
3715,202,high
3716,147,high
3717,19,low
3718,108,medium
3719,77,medium
3720,20,low
3721,29,medium
3722,294,high
3723,14,low
3724,158,high
3725,193,high
3726,40,medium
3727,275,high
3728,18,low
3729,36,medium
3730,109,medium
3731,80,medium
3732,18,low
3733,175,high
3734,61,medium
3735,125,medium
3736,26,medium
3737,9,low
3738,37,medium
3739,78,medium
3740,74,medium
3741,16,low
3742,25,medium
3743,88,medium
3744,222,high
3745,52,medium
3746,19,low
3747,68,medium
3748,16,low
3749,190,high
3750,94,medium
3751,25,medium
3752,195,high
3753,61,medium
3754,283,high
3755,159,high
3756,16,low
3757,76,medium
3758,200,high
3759,144,high
3760,98,medium
3761,95,medium
3762,17,low
3763,17,low
3764,29,medium
3765,18,low
3766,335,high
3767,352,high
3768,195,high
3769,114,medium
3770,26,medium
3771,167,high
3772,40,medium
3773,55,medium
3774,29,medium
3775,59,medium
3776,169,high
3777,30,medium
3778,235,high
3779,57,medium
3780,53,medium
3781,15,low
3782,25,medium
3783,13,low
3784,47,medium
3785,12,low
3786,12,low
3787,127,medium
3788,102,medium
3789,55,medium
3790,441,high
3791,39,medium
3792,15,low
3793,19,low
3794,155,high
3795,14,low
3796,15,low
3797,92,medium
3798,30,medium
3799,82,medium
3800,7,low
3801,13,low
3802,112,medium
3803,22,medium
3804,47,medium
3805,237,high
3806,416,high
3807,42,medium
3808,60,medium
3809,64,medium
3810,55,medium
3811,56,medium
3812,14,low
3813,92,medium
3814,221,high
3815,24,medium
3816,34,medium
3817,87,medium
3818,37,medium
3819,193,high
3820,93,medium
3821,460,high
3822,281,high
3823,192,high
3824,18,low
3825,118,medium
3826,32,medium
3827,283,high
3828,106,medium
3829,63,medium
3830,83,medium
3831,179,high
3832,484,high
3833,84,medium
3834,251,high
3835,128,medium
3836,9,low
3837,43,medium
3838,48,medium
3839,537,high
3840,417,high
3841,19,low
3842,100,medium
3843,55,medium
3844,52,medium
3845,70,medium
3846,58,medium
3847,19,low
3848,258,high
3849,31,medium
3850,51,medium
3851,259,high
3852,64,medium
3853,69,medium
3854,29,medium
3855,31,medium
3856,136,medium
3857,140,medium
3858,101,medium
3859,26,medium
3860,22,medium
3861,14,low
3862,189,high
3863,15,low
3864,47,medium
3865,29,medium
3866,116,medium
3867,16,low
3868,17,low
3869,49,medium
3870,41,medium
3871,43,medium
3872,71,medium
3873,22,medium
3874,22,medium
3875,17,low
3876,366,high
3877,17,low
3878,27,medium
3879,42,medium
3880,132,medium
3881,6,low
3882,186,high
3883,354,high
3884,54,medium
3885,152,high
3886,92,medium
3887,113,medium
3888,55,medium
3889,76,medium
3890,238,high
3891,11,low
3892,109,medium
3893,26,medium
3894,53,medium
3895,14,low
3896,59,medium
3897,26,medium
3898,236,high
3899,41,medium
3900,157,high
3901,63,medium
3902,70,medium
3903,52,medium
3904,34,medium
3905,28,medium
3906,91,medium
3907,45,medium
3908,153,high
3909,15,low
3910,90,medium
3911,85,medium
3912,61,medium
3913,13,low
3914,370,high
3915,57,medium
3916,10,low
3917,52,medium
3918,46,medium
3919,52,medium
3920,50,medium
3921,68,medium
3922,51,medium
3923,72,medium
3924,45,medium
3925,105,medium
3926,9,low
3927,214,high
3928,172,high
3929,119,medium
3930,21,low
3931,13,low
3932,103,medium
3933,75,medium
3934,27,medium
3935,60,medium
3936,75,medium
3937,12,low
3938,295,high
3939,16,low
3940,135,medium
3941,50,medium
3942,25,medium
3943,237,high
3944,163,high
3945,80,medium
3946,41,medium
3947,48,medium
3948,26,medium
3949,113,medium
3950,41,medium
3951,138,medium
3952,18,low
3953,75,medium
3954,21,low
3955,238,high
3956,97,medium
3957,4,low
3958,22,medium
3959,118,medium
3960,44,medium
3961,345,high
3962,47,medium
3963,192,high
3964,31,medium
3965,101,medium
3966,50,medium
3967,9,low
3968,129,medium
3969,217,high
3970,12,low
3971,58,medium
3972,82,medium
3973,56,medium
3974,175,high
3975,22,medium
3976,118,medium
3977,72,medium
3978,8,low
3979,120,medium
3980,48,medium
3981,59,medium
3982,40,medium
3983,192,high
3984,33,medium
3985,14,low
3986,119,medium
3987,160,high
3988,56,medium
3989,19,low
3990,340,high
3991,137,medium
3992,145,high
3993,90,medium
3994,87,medium
3995,168,high
3996,103,medium
3997,285,high
3998,40,medium
3999,205,high
4000,35,medium
4001,27,medium
4002,28,medium
4003,153,high
4004,113,medium
4005,149,high
4006,8,low
4007,106,medium
4008,11,low
4009,25,medium
4010,25,medium
4011,63,medium
4012,153,high
4013,47,medium
4014,208,high
4015,21,low
4016,89,medium
4017,15,low
4018,41,medium
4019,508,high
4020,142,medium
4021,33,medium
4022,97,medium
4023,16,low
4024,127,medium
4025,40,medium
4026,324,high
4027,49,medium
4028,65,medium
4029,37,medium
4030,121,medium
4031,403,high
4032,93,medium
4033,40,medium
4034,52,medium
4035,35,medium
4036,16,low
4037,37,medium
4038,65,medium
4039,354,high
4040,229,high
4041,83,medium
4042,43,medium
4043,23,medium
4044,20,low
4045,37,medium
4046,465,high
4047,179,high
4048,134,medium
4049,24,medium
4050,26,medium
4051,277,high
4052,370,high
4053,125,medium
4054,5,low
4055,19,low
4056,267,high
4057,17,low
4058,181,high
4059,16,low
4060,171,high
4061,36,medium
4062,307,high
4063,15,low
4064,24,medium
4065,23,medium
4066,14,low
4067,20,low
4068,75,medium
4069,83,medium
4070,164,high
4071,16,low
4072,18,low
4073,38,medium
4074,32,medium
4075,147,high
4076,116,medium
4077,274,high
4078,64,medium
4079,37,medium
4080,86,medium
4081,291,high
4082,144,high
4083,545,high
4084,278,high
4085,20,low
4086,159,high
4087,483,high
4088,137,medium
4089,57,medium
4090,54,medium
4091,133,medium
4092,221,high
4093,40,medium
4094,108,medium
4095,17,low
4096,79,medium
4097,85,medium
4098,23,medium
4099,54,medium
4100,28,medium
4101,78,medium
4102,77,medium
4103,5,low
4104,9,low
4105,247,high
4106,26,medium
4107,12,low
4108,15,low
4109,29,medium
4110,258,high
4111,16,low
4112,125,medium
4113,356,high
4114,260,high
4115,155,high
4116,163,high
4117,26,medium
4118,17,low
4119,76,medium
4120,172,high
4121,37,medium
4122,138,medium
4123,15,low
4124,173,high
4125,61,medium
4126,33,medium
4127,19,low
4128,98,medium
4129,82,medium
4130,90,medium
4131,58,medium
4132,60,medium
4133,54,medium
4134,33,medium
4135,63,medium
4136,47,medium
4137,221,high
4138,229,high
4139,172,high
4140,5,low
4141,20,low
4142,58,medium
4143,17,low
4144,19,low
4145,52,medium
4146,60,medium
4147,39,medium
4148,161,high
4149,20,low
4150,87,medium
4151,110,medium
4152,19,low
4153,34,medium
4154,273,high
4155,20,low
4156,9,low
4157,14,low
4158,56,medium
4159,96,medium
4160,110,medium
4161,11,low
4162,19,low
4163,32,medium
4164,14,low
4165,264,high
4166,88,medium
4167,1208,high
4168,52,medium
4169,92,medium
4170,62,medium
4171,37,medium
4172,28,medium
4173,61,medium
4174,18,low
4175,139,medium
4176,12,low
4177,139,medium
4178,38,medium
4179,47,medium
4180,36,medium
4181,116,medium
4182,7,low
4183,22,medium
4184,187,high
4185,59,medium
4186,18,low
4187,29,medium
4188,53,medium
4189,15,low
4190,3,low
4191,153,high
4192,131,medium
4193,85,medium
4194,11,low
4195,17,low
4196,32,medium
4197,29,medium
4198,33,medium
4199,18,low
4200,10,low
4201,92,medium
4202,221,high
4203,19,low
4204,35,medium
4205,198,high
4206,34,medium
4207,14,low
4208,75,medium
4209,8,low
4210,84,medium
4211,340,high
4212,25,medium
4213,221,high
4214,19,low
4215,324,high
4216,62,medium
4217,67,medium
4218,124,medium
4219,69,medium
4220,89,medium
4221,73,medium
4222,228,high
4223,72,medium
4224,21,low
4225,419,high
4226,14,low
4227,29,medium
4228,12,low
4229,23,medium
4230,34,medium
4231,83,medium
4232,119,medium
4233,77,medium
4234,36,medium
4235,86,medium
4236,404,high
4237,53,medium
4238,47,medium
4239,74,medium
4240,88,medium
4241,124,medium
4242,7,low
4243,53,medium
4244,22,medium
4245,27,medium
4246,53,medium
4247,45,medium
4248,229,high
4249,53,medium
4250,43,medium
4251,155,high
4252,19,low
4253,30,medium
4254,16,low
4255,57,medium
4256,237,high
4257,9,low
4258,103,medium
4259,101,medium
4260,19,low
4261,21,low
4262,15,low
4263,139,medium
4264,20,low
4265,17,low
4266,148,high
4267,133,medium
4268,7,low
4269,199,high
4270,50,medium
4271,29,medium
4272,38,medium
4273,21,low
4274,58,medium
4275,1433,high
4276,22,medium
4277,216,high
4278,47,medium
4279,106,medium
4280,16,low
4281,37,medium
4282,25,medium
4283,321,high
4284,130,medium
4285,197,high
4286,21,low
4287,104,medium
4288,41,medium
4289,100,medium
4290,39,medium
4291,35,medium
4292,66,medium
4293,2,low
4294,31,medium
4295,39,medium
4296,232,high
4297,75,medium
4298,16,low
4299,30,medium
4300,172,high
4301,235,high
4302,19,low
4303,409,high
4304,47,medium
4305,19,low
4306,42,medium
4307,75,medium
4308,192,high
4309,20,low
4310,363,high
4311,66,medium
4312,17,low
4313,102,medium
4314,21,low
4315,28,medium
4316,353,high
4317,31,medium
4318,65,medium
4319,40,medium
4320,181,high
4321,71,medium
4322,28,medium
4323,6,low
4324,70,medium
4325,127,medium
4326,190,high
4327,102,medium
4328,23,medium
4329,22,medium
4330,8,low
4331,119,medium
4332,97,medium
4333,203,high
4334,83,medium
4335,184,high
4336,13,low
4337,37,medium
4338,16,low
4339,20,low
4340,179,high
4341,74,medium
4342,676,high
4343,306,high
4344,40,medium
4345,66,medium
4346,16,low
4348,41,medium
4349,119,medium
4350,222,high
4351,83,medium
4352,393,high
4353,25,medium
4354,147,high
4355,33,medium
4356,19,low
4357,43,medium
4358,24,medium
4359,103,medium
4360,87,medium
4361,156,high
4362,80,medium
4363,3,low
4364,16,low
4365,60,medium
4366,80,medium
4367,29,medium
4368,36,medium
4369,80,medium
4370,19,low
4371,221,high
4372,101,medium
4373,268,high
4374,38,medium
4375,114,medium
4376,44,medium
4377,143,high
4378,84,medium
4379,227,high
4380,27,medium
4381,10,low
4382,215,high
4383,9,low
4384,477,high
4385,303,high
4386,314,high
4387,49,medium
4388,78,medium
4389,22,medium
4390,12,low
4391,13,low
4392,17,low
4393,12,low
4394,15,low
4395,29,medium
4396,14,low
4397,13,low
4398,20,low
4399,121,medium
4400,15,low
4401,65,medium
4402,139,medium
4403,38,medium
4404,238,high
4405,108,medium
4406,326,high
4407,61,medium
4408,18,low
4409,411,high
4410,50,medium
4411,15,low
4412,74,medium
4413,75,medium
4414,123,medium
4415,58,medium
4416,227,high
4417,8,low
4418,37,medium
4419,11,low
4420,226,high
4421,34,medium
4422,28,medium
4423,310,high
4424,38,medium
4425,11,low
4426,39,medium
4427,27,medium
4428,67,medium
4429,22,medium
4430,49,medium
4431,98,medium
4432,28,medium
4433,29,medium
4434,132,medium
4435,77,medium
4436,77,medium
4437,16,low
4438,58,medium
4439,9,low
4440,21,low
4441,29,medium
4442,45,medium
4443,36,medium
4444,174,high
4445,340,high
4446,812,high
4447,163,high
4448,18,low
4449,84,medium
4450,119,medium
4451,15,low
4452,35,medium
4453,29,medium
4454,118,medium
4455,173,high
4456,193,high
4457,115,medium
4458,65,medium
4459,138,medium
4460,14,low
4461,13,low
4462,7,low
4463,46,medium
4464,82,medium
4465,88,medium
4466,62,medium
4467,20,low
4468,229,high
4469,98,medium
4470,271,high
4471,197,high
4472,26,medium
4473,27,medium
4474,115,medium
4475,77,medium
4476,184,high
4477,42,medium
4478,188,high
4479,26,medium
4480,569,high
4481,55,medium
4482,217,high
4483,70,medium
4484,35,medium
4485,75,medium
4486,298,high
4487,190,high
4488,127,medium
4489,14,low
4490,15,low
4491,59,medium
4492,24,medium
4493,127,medium
4494,345,high
4495,56,medium
4496,72,medium
4497,8,low
4498,51,medium
4499,235,high
4500,26,medium
4501,17,low
4502,263,high
4503,404,high
4504,198,high
4505,515,high
4506,151,high
4507,281,high
4508,124,medium
4509,112,medium
4510,22,medium
4511,79,medium
4512,17,low
4513,47,medium
4514,157,high
4515,75,medium
4516,21,low
4517,183,high
4518,150,high
4519,92,medium
4520,231,high
4521,140,medium
4522,11,low
4523,103,medium
4524,10,low
4525,29,medium
4526,30,medium
4527,32,medium
4528,124,medium
4529,102,medium
4530,34,medium
4531,43,medium
4532,293,high
4533,25,medium
4534,15,low
4535,15,low
4536,16,low
4537,42,medium
4538,37,medium
4539,16,low
4540,486,high
4541,32,medium
4542,19,low
4543,38,medium
4544,4,low
4545,4,low
4546,9,low
4547,14,low
4548,60,medium
4549,63,medium
4550,24,medium
4551,9,low
4552,47,medium
4553,126,medium
4554,55,medium
4555,16,low
4556,33,medium
4557,155,high
4558,69,medium
4559,171,high
4560,31,medium
4561,16,low
4562,24,medium
4563,92,medium
4564,64,medium
4565,151,high
4566,55,medium
4567,15,low
4568,74,medium
4569,101,medium
4570,97,medium
4571,28,medium
4572,29,medium
4573,16,low
4574,67,medium
4575,371,high
4576,401,high
4577,96,medium
4578,47,medium
4579,41,medium
4580,15,low
4581,54,medium
4582,223,high
4583,41,medium
4584,12,low
4585,31,medium
4586,97,medium
4587,36,medium
4588,209,high
4589,122,medium
4590,133,medium
4591,26,medium
4592,73,medium
4593,99,medium
4594,9,low
4595,64,medium
4596,34,medium
4597,149,high
4598,66,medium
4599,40,medium
4600,21,low
4601,27,medium
4602,79,medium
4603,47,medium
4604,357,high
4605,47,medium
4606,76,medium
4607,64,medium
4608,168,high
4609,18,low
4610,64,medium
4611,15,low
4612,73,medium
4613,22,medium
4614,23,medium
4615,40,medium
4616,67,medium
4617,92,medium
4618,94,medium
4619,10,low
4620,25,medium
4621,42,medium
4622,38,medium
4623,215,high
4624,68,medium
4625,9,low
4626,14,low
4627,18,low
4628,70,medium
4629,37,medium
4630,55,medium
4631,97,medium
4632,205,high
4634,220,high
4635,11,low
4636,39,medium
4637,37,medium
4638,31,medium
4639,19,low
4640,57,medium
4641,76,medium
4642,98,medium
4643,14,low
4644,452,high
4645,21,low
4646,30,medium
4647,52,medium
4648,20,low
4649,38,medium
4650,172,high
4651,58,medium
4652,204,high
4653,150,high
4654,22,medium
4655,124,medium
4656,152,high
4657,28,medium
4658,162,high
4659,48,medium
4660,158,high
4661,31,medium
4662,17,low
4663,182,high
4664,28,medium
4665,25,medium
4666,25,medium
4667,47,medium
4668,118,medium
4669,12,low
4670,361,high
4671,69,medium
4672,210,high
4673,18,low
4674,17,low
4675,47,medium
4676,26,medium
4677,193,high
4678,101,medium
4679,475,high
4680,21,low
4681,39,medium
4682,65,medium
4683,76,medium
4684,91,medium
4685,83,medium
4686,45,medium
4687,46,medium
4688,35,medium
4689,13,low
4690,34,medium
4691,54,medium
4692,10,low
4693,18,low
4694,123,medium
4695,17,low
4696,53,medium
4697,74,medium
4698,54,medium
4699,33,medium
4700,14,low
4701,40,medium
4702,169,high
4703,52,medium
4704,20,low
4705,279,high
4706,31,medium
4707,24,medium
4708,79,medium
4709,10,low
4710,30,medium
4711,38,medium
4712,320,high
4713,53,medium
4714,63,medium
4715,115,medium
4716,26,medium
4717,38,medium
4718,53,medium
4719,21,low
4720,25,medium
4721,26,medium
4722,200,high
4723,163,high
4724,36,medium
4725,327,high
4726,161,high
4727,18,low
4728,41,medium
4729,418,high
4730,69,medium
4731,134,medium
4732,79,medium
4733,158,high
4734,87,medium
4735,102,medium
4736,68,medium
4737,36,medium
4738,17,low
4739,114,medium
4740,21,low
4741,45,medium
4742,65,medium
4743,44,medium
4744,119,medium
4745,274,high
4746,10,low
4747,179,high
4748,20,low
4749,18,low
4750,34,medium
4751,140,medium
4752,23,medium
4753,14,low
4754,74,medium
4755,16,low
4756,31,medium
4757,38,medium
4758,20,low
4759,58,medium
4760,36,medium
4761,29,medium
4762,210,high
4763,21,low
4764,28,medium
4765,56,medium
4766,35,medium
4767,20,low
4768,336,high
4769,81,medium
4770,79,medium
4771,164,high
4772,6,low
4773,19,low
4774,25,medium
4775,26,medium
4776,187,high
4777,90,medium
4778,31,medium
4779,68,medium
4780,35,medium
4781,293,high
4782,226,high
4783,249,high
4784,9,low
4785,127,medium
4786,136,medium
4787,182,high
4788,92,medium
4789,14,low
4790,70,medium
4791,81,medium
4792,87,medium
4793,202,high
4794,42,medium
4795,56,medium
4796,31,medium
4797,113,medium
4798,183,high
4799,495,high
4800,20,low
4801,5,low
4802,20,low
4803,121,medium
4804,59,medium
4805,260,high
4806,132,medium
4807,77,medium
4808,29,medium
4809,59,medium
4810,82,medium
4811,81,medium
4812,191,high
4813,300,high
4814,78,medium
4815,31,medium
4816,348,high
4817,17,low
4818,115,medium
4819,10,low
4820,210,high
4821,162,high
4822,29,medium
4823,107,medium
4824,34,medium
4825,46,medium
4826,219,high
4827,59,medium
4828,174,high
4829,88,medium
4830,59,medium
4831,173,high
4832,47,medium
4833,36,medium
4834,138,medium
4835,24,medium
4836,10,low
4837,47,medium
4838,56,medium
4839,52,medium
4840,83,medium
4841,19,low
4842,107,medium
4843,14,low
4844,54,medium
4845,37,medium
4846,122,medium
4847,25,medium
4848,10,low
4849,152,high
4850,31,medium
4851,122,medium
4852,74,medium
4853,47,medium
4854,27,medium
4855,87,medium
4856,35,medium
4857,32,medium
4858,130,medium
4859,39,medium
4860,18,low
4861,25,medium
4862,123,medium
4863,54,medium
4864,436,high
4865,106,medium
4866,139,medium
4867,85,medium
4868,13,low
4869,22,medium
4870,21,low
4871,24,medium
4872,63,medium
4873,29,medium
4874,56,medium
4875,23,medium
4876,246,high
4877,12,low
4878,17,low
4879,151,high
4880,15,low
4881,256,high
4882,26,medium
4883,75,medium
4884,191,high
4885,250,high
4886,233,high
4887,92,medium
4888,17,low
4889,48,medium
4890,65,medium
4891,26,medium
4892,47,medium
4893,20,low
4894,181,high
4895,209,high
4896,141,medium
4897,14,low
4898,133,medium
4899,80,medium
4900,40,medium
4901,374,high
4902,45,medium
4903,173,high
4904,96,medium
4905,81,medium
4906,83,medium
4907,25,medium
4908,40,medium
4909,14,low
4910,26,medium
4911,36,medium
4912,61,medium
4913,29,medium
4914,133,medium
4915,136,medium
4916,27,medium
4917,32,medium
4918,176,high
4919,125,medium
4920,16,low
4921,28,medium
4922,38,medium
4923,10,low
4924,101,medium
4925,150,high
4926,35,medium
4927,70,medium
4928,59,medium
4929,228,high
4930,173,high
4931,77,medium
4932,11,low
4933,26,medium
4934,169,high
4935,18,low
4936,103,medium
4937,202,high
4938,17,low
4939,151,high
4940,14,low
4941,16,low
4942,86,medium
4943,159,high
4944,80,medium
4945,215,high
4946,28,medium
4947,284,high
4948,190,high
4949,64,medium
4950,149,high
4951,49,medium
4952,20,low
4953,164,high
4954,228,high
4955,230,high
4956,156,high
4957,61,medium
4958,57,medium
4959,149,high
4960,66,medium
4961,223,high
4962,50,medium
4963,28,medium
4964,66,medium
4965,21,low
4966,12,low
4967,16,low
4968,20,low
4969,167,high
4970,83,medium
4971,9,low
4972,124,medium
4973,29,medium
4974,76,medium
4975,39,medium
4976,359,high
4977,119,medium
4978,243,high
4979,30,medium
4980,95,medium
4981,90,medium
4982,93,medium
4983,22,medium
4984,28,medium
4985,17,low
4986,52,medium
4987,47,medium
4988,10,low
4989,12,low
4990,33,medium
4991,107,medium
4992,148,high
4993,19,low
4994,28,medium
4995,62,medium
4996,47,medium
4997,354,high
4998,170,high
4999,125,medium
5000,29,medium
5001,24,medium
5002,194,high
5003,40,medium
5004,19,low
5005,166,high
5006,50,medium
5007,37,medium
5008,451,high
5009,8,low
5010,49,medium
5011,57,medium
5012,467,high
5013,32,medium
5014,30,medium
5015,212,high
5016,86,medium
5017,65,medium
5018,93,medium
5019,26,medium
5020,59,medium
5021,49,medium
5022,100,medium
5023,314,high
5024,9,low
5025,9,low
5026,92,medium
5027,18,low
5028,50,medium
5029,69,medium
5030,40,medium
5031,98,medium
5032,153,high
5033,15,low
5034,90,medium
5035,123,medium
5036,48,medium
5037,74,medium
5038,87,medium
5039,205,high
5040,21,low
5041,105,medium
5042,12,low
5043,542,high
5044,171,high
5045,71,medium
5046,161,high
5047,63,medium
5048,14,low
5049,15,low
5050,151,high
5051,288,high
5052,23,medium
5053,177,high
5054,34,medium
5055,38,medium
5056,77,medium
5057,50,medium
5058,129,medium
5059,18,low
5060,71,medium
5061,69,medium
5062,161,high
5063,23,medium
5064,26,medium
5065,51,medium
5066,23,medium
5067,282,high
5068,73,medium
5069,45,medium
5070,20,low
5071,393,high
5072,44,medium
5073,48,medium
5074,234,high
5075,40,medium
5076,27,medium
5077,50,medium
5078,69,medium
5079,136,medium
5080,147,high
5081,79,medium
5082,193,high
5083,119,medium
5084,165,high
5085,25,medium
5086,20,low
5087,315,high
5088,183,high
5089,58,medium
5090,29,medium
5091,52,medium
5092,38,medium
5093,149,high
5094,92,medium
5095,63,medium
5096,133,medium
5097,664,high
5098,8,low
5099,134,medium
5100,253,high
5101,41,medium
5102,46,medium
5103,49,medium
5104,257,high
5105,167,high
5106,91,medium
5107,21,low
5108,460,high
5109,108,medium
5110,113,medium
5111,92,medium
5112,34,medium
5113,16,low
5114,7,low
5115,45,medium
5116,14,low
5117,126,medium
5118,87,medium
5119,19,low
5120,47,medium
5121,127,medium
5122,26,medium
5123,106,medium
5124,21,low
5125,66,medium
5126,71,medium
5127,22,medium
5128,200,high
5129,44,medium
5130,28,medium
5131,53,medium
5132,49,medium
5133,137,medium
5134,90,medium
5135,65,medium
5136,60,medium
5137,167,high
5138,29,medium
5139,182,high
5140,84,medium
5141,20,low
5142,7,low
5143,15,low
5144,19,low
5145,68,medium
5146,20,low
5147,18,low
5148,46,medium
5149,9,low
5150,183,high
5151,26,medium
5152,3,low
5153,255,high
5154,72,medium
5155,139,medium
5156,4,low
5157,19,low
5158,139,medium
5159,17,low
5160,336,high
5161,60,medium
5162,89,medium
5163,89,medium
5164,104,medium
5165,16,low
5166,77,medium
5167,63,medium
5168,19,low
5169,247,high
5170,75,medium
5171,16,low
5172,20,low
5173,24,medium
5174,57,medium
5175,162,high
5176,20,low
5177,94,medium
5178,34,medium
5179,206,high
5180,54,medium
5181,204,high
5182,90,medium
5183,45,medium
5184,69,medium
5185,59,medium
5186,22,medium
5187,31,medium
5188,22,medium
5189,13,low
5190,130,medium
5191,36,medium
5192,58,medium
5193,33,medium
5194,64,medium
5195,85,medium
5196,19,low
5197,43,medium
5198,52,medium
5199,15,low
5200,23,medium
5201,35,medium
5202,190,high
5203,22,medium
5204,15,low
5205,91,medium
5206,85,medium
5207,48,medium
5208,65,medium
5209,33,medium
5210,16,low
5211,8,low
5212,15,low
5213,8,low
5214,54,medium
5215,32,medium
5216,86,medium
5217,303,high
5218,20,low
5219,121,medium
5220,104,medium
5221,11,low
5222,119,medium
5223,48,medium
5224,52,medium
5225,17,low
5226,52,medium
5227,80,medium
5228,17,low
5229,64,medium
5230,85,medium
5231,141,medium
5232,25,medium
5233,76,medium
5234,23,medium
5235,8,low
5236,208,high
5237,22,medium
5238,51,medium
5239,47,medium
5240,12,low
5241,20,low
5242,19,low
5243,78,medium
5244,9,low
5245,52,medium
5246,162,high
5247,156,high
5248,96,medium
5249,56,medium
5250,99,medium
5251,44,medium
5252,139,medium
5253,351,high
5254,71,medium
5255,11,low
5256,24,medium
5257,115,medium
5258,49,medium
5259,15,low
5260,77,medium
5261,106,medium
5262,205,high
5263,20,low
5264,48,medium
5265,190,high
5266,158,high
5267,63,medium
5268,258,high
5269,38,medium
5270,228,high
5271,10,low
5272,68,medium
5273,43,medium
5274,146,high
5275,105,medium
5276,33,medium
5277,13,low
5278,187,high
5279,140,medium
5280,163,high
5281,50,medium
5282,29,medium
5283,128,medium
5284,135,medium
5285,26,medium
5286,340,high
5287,26,medium
5288,52,medium
5289,17,low
5290,52,medium
5291,114,medium
5292,11,low
5293,53,medium
5294,22,medium
5295,25,medium
5296,20,low
5297,229,high
5298,63,medium
5299,127,medium
5300,29,medium
5301,13,low
5302,184,high
5303,341,high
5304,32,medium
5305,20,low
5306,12,low
5307,69,medium
5308,21,low
5309,515,high
5310,65,medium
5311,9,low
5312,23,medium
5313,26,medium
5314,411,high
5315,53,medium
5316,272,high
5317,6,low
5318,93,medium
5319,73,medium
5320,163,high
5321,123,medium
5322,24,medium
5323,17,low
5324,110,medium
5325,34,medium
5326,451,high
5327,29,medium
5328,40,medium
5329,54,medium
5330,439,high
5331,7,low
5332,110,medium
5333,39,medium
5334,138,medium
5335,65,medium
5336,66,medium
5337,124,medium
5338,66,medium
5339,76,medium
5340,32,medium
5341,140,medium
5342,208,high
5343,37,medium
5344,108,medium
5345,23,medium
5346,173,high
5347,59,medium
5348,16,low
5349,125,medium
5350,75,medium
5351,30,medium
5352,102,medium
5353,22,medium
5354,31,medium
5355,17,low
5356,303,high
5357,19,low
5358,120,medium
5359,33,medium
5360,56,medium
5361,224,high
5362,201,high
5363,68,medium
5364,315,high
5365,43,medium
5366,149,high
5367,4,low
5368,248,high
5369,26,medium
5370,20,low
5371,29,medium
5372,26,medium
5373,161,high
5374,24,medium
5375,109,medium
5376,26,medium
5377,6,low
5378,15,low
5379,44,medium
5380,17,low
5381,39,medium
5382,35,medium
5383,114,medium
5384,426,high
5385,17,low
5386,58,medium
5387,150,high
5388,12,low
5389,17,low
5390,77,medium
5391,381,high
5392,74,medium
5393,58,medium
5394,184,high
5395,18,low
5396,46,medium
5397,10,low
5398,107,medium
5399,57,medium
5400,81,medium
5401,147,high
5402,65,medium
5403,49,medium
5404,20,low
5405,76,medium
5406,5,low
5407,22,medium
5408,7,low
5409,193,high
5410,184,high
5411,50,medium
5412,29,medium
5413,36,medium
5414,10,low
5415,161,high
5416,59,medium
5417,52,medium
5418,52,medium
5419,111,medium
5420,70,medium
5421,85,medium
5422,28,medium
5423,148,high
5424,74,medium
5425,287,high
5426,87,medium
5427,92,medium
5428,59,medium
5429,141,medium
5430,251,high
5431,172,high
5432,40,medium
5433,17,low
5434,98,medium
5435,49,medium
5436,12,low
5437,25,medium
5438,129,medium
5439,49,medium
5440,301,high
5441,12,low
5442,97,medium
5443,110,medium
5444,111,medium
5445,159,high
5446,82,medium
5447,176,high
5448,73,medium
5449,129,medium
5450,142,medium
5451,50,medium
5452,71,medium
5453,23,medium
5454,95,medium
5455,235,high
5456,117,medium
5457,73,medium
5458,33,medium
5459,24,medium
5460,192,high
5461,98,medium
5462,7,low
5463,171,high
5464,18,low
5465,227,high
5466,96,medium
5467,74,medium
5468,14,low
5469,96,medium
5470,89,medium
5471,24,medium
5472,281,high
5473,24,medium
5474,12,low
5475,20,low
5476,60,medium
5477,65,medium
5478,23,medium
5479,303,high
5480,149,high
5481,72,medium
5482,63,medium
5483,32,medium
5484,37,medium
5485,137,medium
5486,54,medium
5487,45,medium
5488,121,medium
5489,136,medium
5490,272,high
5491,60,medium
5492,20,low
5493,53,medium
5494,111,medium
5495,40,medium
5496,59,medium
5497,43,medium
5498,236,high
5499,71,medium
5500,28,medium
5501,454,high
5502,67,medium
5503,31,medium
5504,18,low
5505,41,medium
5506,52,medium
5507,43,medium
5508,567,high
5509,192,high
5510,55,medium
5511,27,medium
5512,26,medium
5513,107,medium
5514,238,high
5515,82,medium
5516,161,high
5517,126,medium
5518,37,medium
5519,365,high
5520,236,high
5521,108,medium
5522,14,low
5523,190,high
5524,13,low
5525,64,medium
5526,13,low
5527,218,high
5528,97,medium
5529,42,medium
5530,14,low
5531,48,medium
5532,110,medium
5533,174,high
5534,52,medium
5535,122,medium
5536,312,high
5537,48,medium
5538,18,low
5539,63,medium
5540,178,high
5541,27,medium
5542,136,medium
5543,12,low
5544,93,medium
5545,90,medium
5546,19,low
5547,390,high
5548,24,medium
5549,18,low
5550,141,medium
5551,59,medium
5552,227,high
5553,104,medium
5554,155,high
5555,56,medium
5556,32,medium
5557,65,medium
5558,78,medium
5559,38,medium
5560,15,low
5561,17,low
5562,136,medium
5563,81,medium
5564,179,high
5565,245,high
5566,121,medium
5567,213,high
5568,52,medium
5569,48,medium
5570,110,medium
5571,109,medium
5572,82,medium
5573,208,high
5574,9,low
5575,59,medium
5576,15,low
5577,266,high
5578,28,medium
5579,122,medium
5580,77,medium
5581,42,medium
5582,153,high
5583,19,low
5584,39,medium
5585,22,medium
5586,31,medium
5587,20,low
5588,35,medium
5589,89,medium
5590,142,medium
5591,104,medium
5592,82,medium
5593,144,high
5594,100,medium
5595,105,medium
5596,112,medium
5597,185,high
5598,49,medium
5599,58,medium
5600,58,medium
5601,127,medium
5602,280,high
5603,13,low
5604,80,medium
5605,14,low
5606,34,medium
5607,32,medium
5608,25,medium
5609,12,low
5610,47,medium
5611,534,high
5612,142,medium
5613,84,medium
5614,42,medium
5615,66,medium
5616,50,medium
5617,112,medium
5618,195,high
5619,65,medium
5620,177,high
5621,67,medium
5622,112,medium
5623,152,high
5624,197,high
5625,12,low
5626,88,medium
5627,215,high
5628,65,medium
5629,36,medium
5630,24,medium
5631,200,high
5632,11,low
5633,330,high
5634,32,medium
5635,48,medium
5636,27,medium
5637,11,low
5638,52,medium
5639,25,medium
5640,454,high
5641,48,medium
5642,216,high
5643,61,medium
5644,90,medium
5645,71,medium
5646,105,medium
5647,100,medium
5648,25,medium
5649,44,medium
5650,164,high
5651,216,high
5652,77,medium
5653,10,low
5654,169,high
5655,97,medium
5656,109,medium
5657,21,low
5658,83,medium
5659,48,medium
5660,154,high
5661,214,high
5662,30,medium
5663,20,low
5664,232,high
5665,66,medium
5666,15,low
5667,54,medium
5668,94,medium
5669,14,low
5670,48,medium
5671,31,medium
5672,393,high
5673,50,medium
5674,137,medium
5675,98,medium
5676,154,high
5677,119,medium
5678,19,low
5679,390,high
5680,63,medium
5681,237,high
5682,19,low
5683,38,medium
5684,45,medium
5685,41,medium
5686,273,high
5687,18,low
5688,97,medium
5689,40,medium
5690,18,low
5691,20,low
5692,10,low
5693,19,low
5694,14,low
5695,180,high
5696,122,medium
5697,24,medium
5698,80,medium
5699,90,medium
5700,51,medium
5701,82,medium
5702,90,medium
5703,104,medium
5704,83,medium
5705,33,medium
5706,80,medium
5707,40,medium
5708,37,medium
5709,43,medium
5710,16,low
5711,63,medium
5712,51,medium
5713,154,high
5714,241,high
5715,149,high
5716,9,low
5717,101,medium
5718,27,medium
5719,227,high
5720,99,medium
5721,78,medium
5722,10,low
5723,101,medium
5724,21,low
5725,158,high
5726,53,medium
5727,33,medium
5728,47,medium
5729,24,medium
5730,146,high
5731,133,medium
5732,13,low
5733,88,medium
5734,49,medium
5735,233,high
5736,36,medium
5737,15,low
5738,18,low
5739,34,medium
5740,23,medium
5741,325,high
5742,40,medium
5743,46,medium
5744,288,high
5745,40,medium
5746,228,high
5747,66,medium
5748,46,medium
5749,94,medium
5750,66,medium
5751,137,medium
5752,294,high
5753,23,medium
5754,87,medium
5755,106,medium
5756,346,high
5757,17,low
5758,102,medium
5759,193,high
5760,357,high
5761,40,medium
5762,117,medium
5763,62,medium
5764,203,high
5765,71,medium
5766,108,medium
5767,119,medium
5768,129,medium
5769,7,low
5770,15,low
5771,34,medium
5772,124,medium
5773,130,medium
5774,95,medium
5775,52,medium
5776,182,high
5777,159,high
5778,12,low
5779,69,medium
5780,28,medium
5781,12,low
5782,114,medium
5783,161,high
5784,272,high
5785,245,high
5786,35,medium
5787,56,medium
5788,78,medium
5789,145,high
5790,22,medium
5791,185,high
5792,596,high
5793,14,low
5794,66,medium
5795,73,medium
5796,20,low
5797,7,low
5798,124,medium
5799,27,medium
5800,24,medium
5801,10,low
5802,110,medium
5803,142,medium
5804,36,medium
5805,57,medium
5806,160,high
5807,12,low
5808,175,high
5809,494,high
5810,57,medium
5811,19,low
5812,56,medium
5813,14,low
5814,19,low
5815,15,low
5816,18,low
5817,23,medium
5818,44,medium
5819,41,medium
5820,79,medium
5821,226,high
5822,90,medium
5823,123,medium
5824,75,medium
5825,7,low
5826,45,medium
5827,35,medium
5828,824,high
5829,60,medium
5830,65,medium
5831,17,low
5832,26,medium
5833,32,medium
5834,390,high
5835,158,high
5836,27,medium
5837,132,medium
5838,255,high
5839,35,medium
5840,52,medium
5841,55,medium
5842,192,high
5843,51,medium
5844,253,high
5845,270,high
5846,26,medium
5848,117,medium
5849,162,high
5850,70,medium
5851,185,high
5852,37,medium
5853,34,medium
5854,81,medium
5855,150,high
5856,23,medium
5857,53,medium
5858,110,medium
5859,183,high
5860,11,low
5861,34,medium
5862,46,medium
5863,19,low
5864,18,low
5865,51,medium
5866,39,medium
5867,24,medium
5868,74,medium
5869,110,medium
5870,25,medium
5871,167,high
5872,92,medium
5873,15,low
5874,13,low
5875,367,high
5876,32,medium
5877,291,high
5878,145,high
5879,21,low
5880,10,low
5881,46,medium
5882,99,medium
5883,212,high
5884,52,medium
5885,292,high
5886,88,medium
5887,231,high
5888,49,medium
5889,92,medium
5890,64,medium
5891,81,medium
5892,32,medium
5893,53,medium
5894,38,medium
5895,18,low
5896,8,low
5897,53,medium
5898,13,low
5899,55,medium
5900,49,medium
5901,8,low
5902,97,medium
5903,86,medium
5904,28,medium
5905,165,high
5906,9,low
5907,94,medium
5908,102,medium
5909,70,medium
5910,47,medium
5911,23,medium
5912,178,high
5913,223,high
5914,156,high
5915,15,low
5916,12,low
5917,95,medium
5918,25,medium
5919,135,medium
5920,21,low
5921,87,medium
5922,134,medium
5923,39,medium
5924,139,medium
5925,19,low
5926,49,medium
5927,81,medium
5928,37,medium
5929,10,low
5930,35,medium
5931,22,medium
5932,20,low
5933,31,medium
5934,44,medium
5935,134,medium
5936,85,medium
5937,17,low
5938,18,low
5939,125,medium
5940,46,medium
5941,8,low
5942,25,medium
5943,62,medium
5944,54,medium
5945,313,high
5946,97,medium
5947,160,high
5948,36,medium
5949,114,medium
5950,63,medium
5951,476,high
5952,215,high
5953,129,medium
5954,124,medium
5955,69,medium
5956,16,low
5957,129,medium
5958,92,medium
5959,19,low
5960,101,medium
5961,351,high
5962,13,low
5963,29,medium
5964,12,low
5965,27,medium
5966,44,medium
5967,32,medium
5968,89,medium
5969,272,high
5970,29,medium
5971,110,medium
5972,34,medium
5973,61,medium
5974,39,medium
5975,176,high
5976,18,low
5977,130,medium
5978,156,high
5979,91,medium
5980,21,low
5981,27,medium
5982,61,medium
5983,106,medium
5984,30,medium
5985,30,medium
5986,55,medium
5987,143,high
5988,47,medium
5989,32,medium
5990,14,low
5991,63,medium
5992,132,medium
5993,377,high
5994,52,medium
5995,66,medium
5996,20,low
5997,173,high
5998,136,medium
5999,262,high
6000,199,high
6001,22,medium
6002,52,medium
6003,52,medium
6004,117,medium
6005,21,low
6006,21,low
6007,248,high
6008,138,medium
6009,7,low
6010,95,medium
6011,75,medium
6012,32,medium
6013,326,high
6014,16,low
6015,88,medium
6016,40,medium
6017,34,medium
6018,69,medium
6019,29,medium
6020,83,medium
6021,80,medium
6022,123,medium
6023,44,medium
6024,26,medium
6025,22,medium
6026,17,low
6027,75,medium
6028,31,medium
6029,80,medium
6030,40,medium
6031,13,low
6032,92,medium
6033,397,high
6034,118,medium
6035,11,low
6036,88,medium
6037,211,high
