item_id,degree,scenario,alpha
0,38,low,0.0
1,19,low,0.0
2,35,low,0.0
3,28,low,0.0
4,28,low,0.0
5,34,low,0.0
6,21,low,0.0
7,41,low,0.0
8,31,low,0.0
9,29,low,0.0
10,28,low,0.0
11,31,low,0.0
12,29,low,0.0
13,27,low,0.0
14,32,low,0.0
15,42,low,0.0
16,37,low,0.0
17,28,low,0.0
18,30,low,0.0
19,22,low,0.0
20,28,low,0.0
21,22,low,0.0
22,31,low,0.0
23,31,low,0.0
24,28,low,0.0
25,27,low,0.0
26,25,low,0.0
27,33,low,0.0
28,22,low,0.0
29,38,low,0.0
30,31,low,0.0
31,28,low,0.0
32,36,low,0.0
33,22,low,0.0
34,27,low,0.0
35,30,low,0.0
36,39,low,0.0
37,31,low,0.0
38,24,low,0.0
39,26,low,0.0
40,36,low,0.0
41,35,low,0.0
42,28,low,0.0
43,32,low,0.0
44,30,low,0.0
45,36,low,0.0
46,31,low,0.0
47,31,low,0.0
48,25,low,0.0
49,25,low,0.0
50,29,low,0.0
51,29,low,0.0
52,33,low,0.0
53,22,low,0.0
54,18,low,0.0
55,27,low,0.0
56,29,low,0.0
57,32,low,0.0
58,26,low,0.0
59,21,low,0.0
60,26,low,0.0
61,21,low,0.0
62,32,low,0.0
63,26,low,0.0
64,39,low,0.0
65,32,low,0.0
66,34,low,0.0
67,33,low,0.0
68,25,low,0.0
69,38,low,0.0
70,26,low,0.0
71,33,low,0.0
72,26,low,0.0
73,23,low,0.0
74,33,low,0.0
75,35,low,0.0
76,35,low,0.0
77,27,low,0.0
78,24,low,0.0
79,30,low,0.0
80,23,low,0.0
81,29,low,0.0
82,24,low,0.0
83,32,low,0.0
84,34,low,0.0
85,27,low,0.0
86,40,low,0.0
87,30,low,0.0
88,35,low,0.0
89,35,low,0.0
90,24,low,0.0
91,28,low,0.0
92,41,low,0.0
93,40,low,0.0
94,39,low,0.0
95,34,low,0.0
96,30,low,0.0
97,28,low,0.0
98,40,low,0.0
99,25,low,0.0
100,27,low,0.0
101,21,low,0.0
102,34,low,0.0
103,44,low,0.0
104,33,low,0.0
105,28,low,0.0
106,30,low,0.0
107,34,low,0.0
108,25,low,0.0
109,26,low,0.0
110,29,low,0.0
111,29,low,0.0
112,35,low,0.0
113,31,low,0.0
114,24,low,0.0
115,23,low,0.0
116,34,low,0.0
117,24,low,0.0
118,36,low,0.0
119,30,low,0.0
120,34,low,0.0
121,38,low,0.0
122,28,low,0.0
123,27,low,0.0
124,23,low,0.0
125,30,low,0.0
126,33,low,0.0
127,26,low,0.0
128,32,low,0.0
129,32,low,0.0
130,36,low,0.0
131,30,low,0.0
132,30,low,0.0
133,37,low,0.0
134,39,low,0.0
135,33,low,0.0
136,30,low,0.0
137,41,low,0.0
138,34,low,0.0
139,22,low,0.0
140,34,low,0.0
141,35,low,0.0
142,28,low,0.0
143,31,low,0.0
144,38,low,0.0
145,29,low,0.0
146,28,low,0.0
147,34,low,0.0
148,26,low,0.0
149,33,low,0.0
150,39,low,0.0
151,21,low,0.0
152,35,low,0.0
153,27,low,0.0
154,30,low,0.0
155,21,low,0.0
156,35,low,0.0
157,36,low,0.0
158,31,low,0.0
159,29,low,0.0
160,28,low,0.0
161,37,low,0.0
162,28,low,0.0
163,38,low,0.0
164,25,low,0.0
165,31,low,0.0
166,31,low,0.0
167,23,low,0.0
168,33,low,0.0
169,33,low,0.0
170,26,low,0.0
171,30,low,0.0
172,23,low,0.0
173,26,low,0.0
174,30,low,0.0
175,35,low,0.0
176,36,low,0.0
177,29,low,0.0
178,36,low,0.0
179,25,low,0.0
180,36,low,0.0
181,34,low,0.0
182,30,low,0.0
183,25,low,0.0
184,35,low,0.0
185,27,low,0.0
186,30,low,0.0
187,35,low,0.0
188,16,low,0.0
189,34,low,0.0
190,26,low,0.0
191,46,low,0.0
192,29,low,0.0
193,35,low,0.0
194,33,low,0.0
195,30,low,0.0
196,29,low,0.0
197,23,low,0.0
198,27,low,0.0
199,29,low,0.0
200,33,low,0.0
201,26,low,0.0
202,29,low,0.0
203,27,low,0.0
204,35,low,0.0
205,30,low,0.0
206,24,low,0.0
207,33,low,0.0
208,31,low,0.0
209,39,low,0.0
210,32,low,0.0
211,27,low,0.0
212,28,low,0.0
213,24,low,0.0
214,29,low,0.0
215,38,low,0.0
216,31,low,0.0
217,27,low,0.0
218,26,low,0.0
219,33,low,0.0
220,25,low,0.0
221,30,low,0.0
222,29,low,0.0
223,36,low,0.0
224,27,low,0.0
225,24,low,0.0
226,32,low,0.0
227,29,low,0.0
228,31,low,0.0
229,37,low,0.0
230,22,low,0.0
231,29,low,0.0
232,23,low,0.0
233,35,low,0.0
234,31,low,0.0
235,31,low,0.0
236,32,low,0.0
237,31,low,0.0
238,25,low,0.0
239,21,low,0.0
240,28,low,0.0
241,34,low,0.0
242,27,low,0.0
243,38,low,0.0
244,31,low,0.0
245,33,low,0.0
246,30,low,0.0
247,25,low,0.0
248,28,low,0.0
249,40,low,0.0
250,26,low,0.0
251,33,low,0.0
252,28,low,0.0
253,34,low,0.0
254,33,low,0.0
255,32,low,0.0
256,29,low,0.0
257,33,low,0.0
258,22,low,0.0
259,26,low,0.0
260,35,low,0.0
261,33,low,0.0
262,30,low,0.0
263,33,low,0.0
264,26,low,0.0
265,26,low,0.0
266,26,low,0.0
267,22,low,0.0
268,24,low,0.0
269,28,low,0.0
270,39,low,0.0
271,35,low,0.0
272,37,low,0.0
273,25,low,0.0
274,36,low,0.0
275,29,low,0.0
276,28,low,0.0
277,35,low,0.0
278,29,low,0.0
279,18,low,0.0
280,26,low,0.0
281,19,low,0.0
282,36,low,0.0
283,32,low,0.0
284,32,low,0.0
285,33,low,0.0
286,22,low,0.0
287,31,low,0.0
288,33,low,0.0
289,33,low,0.0
290,28,low,0.0
291,18,low,0.0
292,37,low,0.0
293,32,low,0.0
294,31,low,0.0
295,31,low,0.0
296,33,low,0.0
297,37,low,0.0
298,29,low,0.0
299,23,low,0.0
300,35,low,0.0
301,27,low,0.0
302,38,low,0.0
303,32,low,0.0
304,24,low,0.0
305,32,low,0.0
306,50,low,0.0
307,33,low,0.0
308,29,low,0.0
309,23,low,0.0
310,28,low,0.0
311,44,low,0.0
312,26,low,0.0
313,26,low,0.0
314,34,low,0.0
315,26,low,0.0
316,29,low,0.0
317,26,low,0.0
318,36,low,0.0
319,36,low,0.0
320,33,low,0.0
321,28,low,0.0
322,32,low,0.0
323,29,low,0.0
324,32,low,0.0
325,31,low,0.0
326,31,low,0.0
327,24,low,0.0
328,32,low,0.0
329,20,low,0.0
330,29,low,0.0
331,25,low,0.0
332,22,low,0.0
333,26,low,0.0
334,40,low,0.0
335,30,low,0.0
336,26,low,0.0
337,28,low,0.0
338,26,low,0.0
339,28,low,0.0
340,30,low,0.0
341,31,low,0.0
342,26,low,0.0
343,33,low,0.0
344,23,low,0.0
345,20,low,0.0
346,28,low,0.0
347,26,low,0.0
348,29,low,0.0
349,24,low,0.0
350,31,low,0.0
351,33,low,0.0
352,24,low,0.0
353,29,low,0.0
354,28,low,0.0
355,30,low,0.0
356,25,low,0.0
357,22,low,0.0
358,35,low,0.0
359,32,low,0.0
360,25,low,0.0
361,36,low,0.0
362,23,low,0.0
363,29,low,0.0
364,34,low,0.0
365,22,low,0.0
366,28,low,0.0
367,38,low,0.0
368,30,low,0.0
369,34,low,0.0
370,37,low,0.0
371,25,low,0.0
372,26,low,0.0
373,34,low,0.0
374,32,low,0.0
375,35,low,0.0
376,31,low,0.0
377,22,low,0.0
378,19,low,0.0
379,33,low,0.0
380,28,low,0.0
381,31,low,0.0
382,28,low,0.0
383,28,low,0.0
384,34,low,0.0
385,33,low,0.0
386,26,low,0.0
387,18,low,0.0
388,29,low,0.0
389,31,low,0.0
390,29,low,0.0
391,31,low,0.0
392,29,low,0.0
393,41,low,0.0
394,28,low,0.0
395,29,low,0.0
396,28,low,0.0
397,28,low,0.0
398,29,low,0.0
399,27,low,0.0
400,27,low,0.0
401,40,low,0.0
402,22,low,0.0
403,24,low,0.0
404,27,low,0.0
405,37,low,0.0
406,19,low,0.0
407,41,low,0.0
408,35,low,0.0
409,32,low,0.0
410,24,low,0.0
411,36,low,0.0
412,29,low,0.0
413,33,low,0.0
414,21,low,0.0
415,41,low,0.0
416,23,low,0.0
417,27,low,0.0
418,24,low,0.0
419,27,low,0.0
420,36,low,0.0
421,32,low,0.0
422,26,low,0.0
423,31,low,0.0
424,18,low,0.0
425,33,low,0.0
426,38,low,0.0
427,31,low,0.0
428,35,low,0.0
429,35,low,0.0
430,36,low,0.0
431,38,low,0.0
432,26,low,0.0
433,36,low,0.0
434,37,low,0.0
435,30,low,0.0
436,24,low,0.0
437,26,low,0.0
438,26,low,0.0
439,37,low,0.0
440,29,low,0.0
441,28,low,0.0
442,33,low,0.0
443,21,low,0.0
444,33,low,0.0
445,28,low,0.0
446,32,low,0.0
447,30,low,0.0
448,26,low,0.0
449,28,low,0.0
450,24,low,0.0
451,31,low,0.0
452,30,low,0.0
453,36,low,0.0
454,40,low,0.0
455,26,low,0.0
456,36,low,0.0
457,36,low,0.0
458,27,low,0.0
459,23,low,0.0
460,27,low,0.0
461,24,low,0.0
462,31,low,0.0
463,37,low,0.0
464,27,low,0.0
465,25,low,0.0
466,34,low,0.0
467,36,low,0.0
468,29,low,0.0
469,35,low,0.0
470,31,low,0.0
471,28,low,0.0
472,31,low,0.0
473,46,low,0.0
474,29,low,0.0
475,38,low,0.0
476,39,low,0.0
477,23,low,0.0
478,32,low,0.0
479,29,low,0.0
480,29,low,0.0
481,31,low,0.0
482,22,low,0.0
483,31,low,0.0
484,25,low,0.0
485,38,low,0.0
486,25,low,0.0
487,17,low,0.0
488,28,low,0.0
489,31,low,0.0
490,36,low,0.0
491,30,low,0.0
492,32,low,0.0
493,38,low,0.0
494,28,low,0.0
495,27,low,0.0
496,42,low,0.0
497,29,low,0.0
498,29,low,0.0
499,34,low,0.0
500,31,low,0.0
501,27,low,0.0
502,40,low,0.0
503,33,low,0.0
504,27,low,0.0
505,33,low,0.0
506,38,low,0.0
507,29,low,0.0
508,35,low,0.0
509,33,low,0.0
510,27,low,0.0
511,27,low,0.0
512,29,low,0.0
513,22,low,0.0
514,22,low,0.0
515,28,low,0.0
516,41,low,0.0
517,30,low,0.0
518,25,low,0.0
519,30,low,0.0
520,26,low,0.0
521,26,low,0.0
522,41,low,0.0
523,24,low,0.0
524,30,low,0.0
525,38,low,0.0
526,38,low,0.0
527,29,low,0.0
528,37,low,0.0
529,27,low,0.0
530,28,low,0.0
531,41,low,0.0
532,42,low,0.0
533,20,low,0.0
534,18,low,0.0
535,22,low,0.0
536,41,low,0.0
537,23,low,0.0
538,27,low,0.0
539,23,low,0.0
540,33,low,0.0
541,29,low,0.0
542,27,low,0.0
543,28,low,0.0
544,29,low,0.0
545,28,low,0.0
546,32,low,0.0
547,29,low,0.0
548,33,low,0.0
549,22,low,0.0
550,31,low,0.0
551,39,low,0.0
552,36,low,0.0
553,26,low,0.0
554,31,low,0.0
555,25,low,0.0
556,32,low,0.0
557,29,low,0.0
558,25,low,0.0
559,34,low,0.0
560,26,low,0.0
561,27,low,0.0
562,30,low,0.0
563,22,low,0.0
564,32,low,0.0
565,30,low,0.0
566,33,low,0.0
567,32,low,0.0
568,23,low,0.0
569,30,low,0.0
570,33,low,0.0
571,24,low,0.0
572,28,low,0.0
573,31,low,0.0
574,20,low,0.0
575,33,low,0.0
576,43,low,0.0
577,30,low,0.0
578,27,low,0.0
579,33,low,0.0
580,18,low,0.0
581,27,low,0.0
582,37,low,0.0
583,25,low,0.0
584,30,low,0.0
585,23,low,0.0
586,36,low,0.0
587,29,low,0.0
588,35,low,0.0
589,15,low,0.0
590,20,low,0.0
591,30,low,0.0
592,25,low,0.0
593,27,low,0.0
594,23,low,0.0
595,44,low,0.0
596,28,low,0.0
597,38,low,0.0
598,28,low,0.0
599,30,low,0.0
