scenario,seed,n_train,n_validation,n_test,low_item_threshold,high_item_threshold,overall_recall20,tail_recall20,tail_test_count,medium_recall20,medium_test_count,head_recall20,head_test_count,head_tail_gap,degree_norm_correlation,mean_item_embedding_norm,std_item_embedding_norm,mean_curvature_magnitude,std_curvature_magnitude
low,42,18000,1000,1000,26.0,35.0,0.076,0.06177606177606178,259,0.07078039927404718,551,0.11052631578947368,190,0.0487502540134119,0.7206399254596444,2.073410987854004,0.1555248349905014,44.977666666666664,5.427077287904503
low,43,18000,1000,1000,26.0,35.0,0.07,0.05405405405405406,259,0.07441016333938294,551,0.07894736842105263,190,0.02489331436699857,0.6923480894911858,2.0654401779174805,0.14670555293560028,44.977666666666664,5.427077287904503
low,44,18000,1000,1000,26.0,35.0,0.068,0.05405405405405406,259,0.05807622504537205,551,0.11578947368421053,190,0.06173541963015647,0.7056056219459859,2.0739595890045166,0.1549370288848877,44.977666666666664,5.427077287904503
medium,42,18000,1000,1000,13.0,35.0,0.251,0.0,79,0.005128205128205128,390,0.4689265536723164,531,0.4689265536723164,0.9163312674774987,1.7790710926055908,0.3795577585697174,82.45977777777777,72.10038945769028
medium,43,18000,1000,1000,13.0,35.0,0.252,0.0,79,0.002564102564102564,390,0.4726930320150659,531,0.4726930320150659,0.9118699661458807,1.782098412513733,0.38259682059288025,82.45977777777777,72.10038945769028
medium,44,18000,1000,1000,13.0,35.0,0.262,0.0,79,0.002564102564102564,390,0.4915254237288136,531,0.4915254237288136,0.9159275354273426,1.7857537269592285,0.38227003812789917,82.45977777777777,72.10038945769028
high,42,18000,1000,1000,4.0,25.0,0.536,0.0,29,0.0,175,0.6733668341708543,796,0.6733668341708543,0.875304259252234,1.2881205081939697,0.7355025410652161,251.02866666666668,237.42564908806477
high,43,18000,1000,1000,4.0,25.0,0.532,0.0,29,0.0,175,0.6683417085427136,796,0.6683417085427136,0.875927183359432,1.2676362991333008,0.7415464520454407,251.02866666666668,237.42564908806477
high,44,18000,1000,1000,4.0,25.0,0.534,0.0,29,0.0,175,0.6708542713567839,796,0.6708542713567839,0.8752597678478952,1.2721072435379028,0.739464521408081,251.02866666666668,237.42564908806477
